ctif_row,country_ctif,iso3,population_thousands,fire_stations,fire_engines,ladders,career_firefighters,part_time_firefighters,volunteer_firefighters,total_firefighters,fire_stations_per_100k,fire_engines_per_100k,ladders_per_100k,career_firefighters_per_100k,total_firefighters_per_100k,volunteer_share_percent,reference_period,source_report,source_page_pdf,source_url,source_file_sha256
1,China,CHN,1386000,,,,130000.0,,7500000.0,7630000.0,,,,9.37950937950938,550.5050505050506,98.2961992136304,most recent national data reported during 2010-2023,"CTIF World Fire Statistics Report No. 30 (2025), Table 1.13",49,https://ctif.org/sites/default/files/2025-08/CTIF_Report30.pdf,2feed2884d17906fdc9ebb169b2d6edf40d0365c82aafa2f8693cfa574a1ce5e
2,USA,USA,336806,58700.0,71700.0,7500.0,383000.0,,635100.0,1018100.0,17.428430609906,21.288219331009543,2.226801185252044,113.71531386020439,302.2808382273475,62.380905608486394,most recent national data reported during 2010-2023,"CTIF World Fire Statistics Report No. 30 (2025), Table 1.13",49,https://ctif.org/sites/default/files/2025-08/CTIF_Report30.pdf,2feed2884d17906fdc9ebb169b2d6edf40d0365c82aafa2f8693cfa574a1ce5e
3,Bangladesh,BGD,171186,492.0,1568.0,28.0,12702.0,1053.0,,13755.0,0.2874066804528408,0.915962753963525,0.01635647774934866,7.419999299008097,8.03511969436753,,most recent national data reported during 2010-2023,"CTIF World Fire Statistics Report No. 30 (2025), Table 1.13",49,https://ctif.org/sites/default/files/2025-08/CTIF_Report30.pdf,2feed2884d17906fdc9ebb169b2d6edf40d0365c82aafa2f8693cfa574a1ce5e
4,Russia,RUS,146781,18322.0,22735.0,1326.0,271000.0,,956600.0,1227600.0,12.482542018381125,15.489061935809131,0.9033866781122897,184.62880073033975,836.348028695812,77.92440534376018,most recent national data reported during 2010-2023,"CTIF World Fire Statistics Report No. 30 (2025), Table 1.13",49,https://ctif.org/sites/default/files/2025-08/CTIF_Report30.pdf,2feed2884d17906fdc9ebb169b2d6edf40d0365c82aafa2f8693cfa574a1ce5e
5,Japan,JPN,125823,3093.0,7767.0,1077.0,166287.0,0.0,762770.0,929057.0,2.458215111704537,6.172957249469492,0.8559643308457118,132.15946210152356,738.3840792223997,82.10152875442519,most recent national data reported during 2010-2023,"CTIF World Fire Statistics Report No. 30 (2025), Table 1.13",49,https://ctif.org/sites/default/files/2025-08/CTIF_Report30.pdf,2feed2884d17906fdc9ebb169b2d6edf40d0365c82aafa2f8693cfa574a1ce5e
6,Philippines,PHL,108771,1396.0,2803.0,48.0,26751.0,,,26751.0,1.283430326097949,2.576973641871455,0.04412940949333922,24.59387152825661,24.59387152825661,,most recent national data reported during 2010-2023,"CTIF World Fire Statistics Report No. 30 (2025), Table 1.13",49,https://ctif.org/sites/default/files/2025-08/CTIF_Report30.pdf,2feed2884d17906fdc9ebb169b2d6edf40d0365c82aafa2f8693cfa574a1ce5e
7,Vietnam,VNM,100300,486.0,1876.0,234.0,9678.0,,950735.0,960413.0,0.4845463609172483,1.8703888334995016,0.23330009970089732,9.649052841475573,957.5403788634098,98.9923085172733,most recent national data reported during 2010-2023,"CTIF World Fire Statistics Report No. 30 (2025), Table 1.13",49,https://ctif.org/sites/default/files/2025-08/CTIF_Report30.pdf,2feed2884d17906fdc9ebb169b2d6edf40d0365c82aafa2f8693cfa574a1ce5e
8,Germany,DEU,83020,37175.0,41064.0,2509.0,34854.0,,1003594.0,1038448.0,44.77836665863647,49.46278005299928,3.0221633341363527,41.982654781980244,1250.8407612623464,96.64364513196617,most recent national data reported during 2010-2023,"CTIF World Fire Statistics Report No. 30 (2025), Table 1.13",49,https://ctif.org/sites/default/files/2025-08/CTIF_Report30.pdf,2feed2884d17906fdc9ebb169b2d6edf40d0365c82aafa2f8693cfa574a1ce5e
9,France,FRA,66309,6503.0,7478.0,1231.0,54503.0,,198790.0,253293.0,9.807115172902622,11.277503807929543,1.8564599074032184,82.19547874345866,381.98887028910104,78.48223203957471,most recent national data reported during 2010-2023,"CTIF World Fire Statistics Report No. 30 (2025), Table 1.13",49,https://ctif.org/sites/default/files/2025-08/CTIF_Report30.pdf,2feed2884d17906fdc9ebb169b2d6edf40d0365c82aafa2f8693cfa574a1ce5e
10,Great Britain,GBR,64903,2053.0,2900.0,235.0,40100.0,19000.0,1400.0,60500.0,3.163181979261359,4.4682064003204784,0.3620787945087284,61.78450919063834,93.21603007565136,2.3140495867768593,most recent national data reported during 2010-2023,"CTIF World Fire Statistics Report No. 30 (2025), Table 1.13",49,https://ctif.org/sites/default/files/2025-08/CTIF_Report30.pdf,2feed2884d17906fdc9ebb169b2d6edf40d0365c82aafa2f8693cfa574a1ce5e
11,Iran,IRN,64000,452.0,1300.0,20.0,9285.0,,,9285.0,0.70625,2.03125,0.03125,14.5078125,14.5078125,,most recent national data reported during 2010-2023,"CTIF World Fire Statistics Report No. 30 (2025), Table 1.13",49,https://ctif.org/sites/default/files/2025-08/CTIF_Report30.pdf,2feed2884d17906fdc9ebb169b2d6edf40d0365c82aafa2f8693cfa574a1ce5e
12,Italy,ITA,61000,902.0,2330.0,307.0,28870.0,,20060.0,48930.0,1.478688524590164,3.819672131147541,0.5032786885245901,47.32786885245901,80.21311475409836,40.997343143265894,most recent national data reported during 2010-2023,"CTIF World Fire Statistics Report No. 30 (2025), Table 1.13",49,https://ctif.org/sites/default/files/2025-08/CTIF_Report30.pdf,2feed2884d17906fdc9ebb169b2d6edf40d0365c82aafa2f8693cfa574a1ce5e
13,Korea (South),KOR,51774,226.0,2204.0,453.0,60994.0,,96561.0,157555.0,0.4365125352493529,4.256962954378646,0.8749565418936145,117.80816626105768,304.31297562483104,61.28716955983625,most recent national data reported during 2010-2023,"CTIF World Fire Statistics Report No. 30 (2025), Table 1.13",49,https://ctif.org/sites/default/files/2025-08/CTIF_Report30.pdf,2feed2884d17906fdc9ebb169b2d6edf40d0365c82aafa2f8693cfa574a1ce5e
14,Poland,POL,37766,496.0,1625.0,539.0,30349.0,,505520.0,535869.0,1.3133506328443574,4.302812053169518,1.4272096594820738,80.36064184716412,1418.9191336122437,94.33648895532303,most recent national data reported during 2010-2023,"CTIF World Fire Statistics Report No. 30 (2025), Table 1.13",49,https://ctif.org/sites/default/files/2025-08/CTIF_Report30.pdf,2feed2884d17906fdc9ebb169b2d6edf40d0365c82aafa2f8693cfa574a1ce5e
15,Ukraine,UKR,37441,2270.0,3134.0,367.0,53286.0,,190031.0,243317.0,6.062872252343688,8.370502924601372,0.98020886194279,142.31991666889238,649.8677919927353,78.10017384728563,most recent national data reported during 2010-2023,"CTIF World Fire Statistics Report No. 30 (2025), Table 1.13",49,https://ctif.org/sites/default/files/2025-08/CTIF_Report30.pdf,2feed2884d17906fdc9ebb169b2d6edf40d0365c82aafa2f8693cfa574a1ce5e
16,Canada,CAN,35544,,,,26000.0,,126650.0,152650.0,,,,73.14877335133917,429.467702003151,82.96757287913528,most recent national data reported during 2010-2023,"CTIF World Fire Statistics Report No. 30 (2025), Table 1.13",49,https://ctif.org/sites/default/files/2025-08/CTIF_Report30.pdf,2feed2884d17906fdc9ebb169b2d6edf40d0365c82aafa2f8693cfa574a1ce5e
17,Malaysia,MYS,33938,325.0,589.0,49.0,13455.0,2111.0,12414.0,27980.0,0.9576286168896223,1.7355177087630385,0.14438092993105076,39.64582473923036,82.44445754022041,44.367405289492496,most recent national data reported during 2010-2023,"CTIF World Fire Statistics Report No. 30 (2025), Table 1.13",49,https://ctif.org/sites/default/files/2025-08/CTIF_Report30.pdf,2feed2884d17906fdc9ebb169b2d6edf40d0365c82aafa2f8693cfa574a1ce5e
18,Peru,PER,26000,174.0,,,,,,,0.6692307692307693,,,,,,most recent national data reported during 2010-2023,"CTIF World Fire Statistics Report No. 30 (2025), Table 1.13",49,https://ctif.org/sites/default/files/2025-08/CTIF_Report30.pdf,2feed2884d17906fdc9ebb169b2d6edf40d0365c82aafa2f8693cfa574a1ce5e
19,Taiwan,TWN,22450,544.0,959.0,197.0,8180.0,,26500.0,34680.0,2.423162583518931,4.271714922048997,0.8775055679287306,36.43652561247216,154.47661469933186,76.41291810841983,most recent national data reported during 2010-2023,"CTIF World Fire Statistics Report No. 30 (2025), Table 1.13",49,https://ctif.org/sites/default/files/2025-08/CTIF_Report30.pdf,2feed2884d17906fdc9ebb169b2d6edf40d0365c82aafa2f8693cfa574a1ce5e
20,Kazakhstan,KAZ,20333,435.0,1650.0,375.0,17500.0,,43000.0,60500.0,2.1393793340874443,8.114887129297202,1.8442925293857277,86.06698470466729,297.5458614075641,71.07438016528926,most recent national data reported during 2010-2023,"CTIF World Fire Statistics Report No. 30 (2025), Table 1.13",49,https://ctif.org/sites/default/files/2025-08/CTIF_Report30.pdf,2feed2884d17906fdc9ebb169b2d6edf40d0365c82aafa2f8693cfa574a1ce5e
21,Australia,AUS,20016,,4448.0,,,,,,,22.22222222222222,,,,,most recent national data reported during 2010-2023,"CTIF World Fire Statistics Report No. 30 (2025), Table 1.13",49,https://ctif.org/sites/default/files/2025-08/CTIF_Report30.pdf,2feed2884d17906fdc9ebb169b2d6edf40d0365c82aafa2f8693cfa574a1ce5e
22,Romania,ROU,19053,391.0,833.0,138.0,25632.0,,61833.0,87465.0,2.052170261901013,4.372014905789114,0.7242953865532987,134.52999527633443,459.061565107857,70.69456353970159,most recent national data reported during 2010-2023,"CTIF World Fire Statistics Report No. 30 (2025), Table 1.13",49,https://ctif.org/sites/default/files/2025-08/CTIF_Report30.pdf,2feed2884d17906fdc9ebb169b2d6edf40d0365c82aafa2f8693cfa574a1ce5e
23,Ecuador,ECU,18000,52.0,92.0,4.0,523.0,,1732.0,2255.0,0.28888888888888886,0.5111111111111112,0.022222222222222223,2.905555555555556,12.527777777777777,76.80709534368071,most recent national data reported during 2010-2023,"CTIF World Fire Statistics Report No. 30 (2025), Table 1.13",49,https://ctif.org/sites/default/files/2025-08/CTIF_Report30.pdf,2feed2884d17906fdc9ebb169b2d6edf40d0365c82aafa2f8693cfa574a1ce5e
24,Netherlands,NLD,17591,953.0,1070.0,130.0,3145.0,1089.0,18258.0,22492.0,5.417543061792962,6.082655903587061,0.7390142686601103,17.87846057643113,127.86083792848615,81.17552907700517,most recent national data reported during 2010-2023,"CTIF World Fire Statistics Report No. 30 (2025), Table 1.13",49,https://ctif.org/sites/default/files/2025-08/CTIF_Report30.pdf,2feed2884d17906fdc9ebb169b2d6edf40d0365c82aafa2f8693cfa574a1ce5e
25,Belgium,BEL,11697,320.0,1680.0,270.0,6710.0,0.0,10388.0,17098.0,2.7357442079165595,14.362657091561939,2.308284175429597,57.365136359750366,146.1742327092417,60.75564393496315,most recent national data reported during 2010-2023,"CTIF World Fire Statistics Report No. 30 (2025), Table 1.13",49,https://ctif.org/sites/default/files/2025-08/CTIF_Report30.pdf,2feed2884d17906fdc9ebb169b2d6edf40d0365c82aafa2f8693cfa574a1ce5e
26,Jordan,JOR,11516,445.0,207.0,21.0,4660.0,,379.0,5039.0,3.86418895449809,1.7974991316429316,0.18235498436957276,40.46543938867662,43.7565126780132,7.521333597936099,most recent national data reported during 2010-2023,"CTIF World Fire Statistics Report No. 30 (2025), Table 1.13",49,https://ctif.org/sites/default/files/2025-08/CTIF_Report30.pdf,2feed2884d17906fdc9ebb169b2d6edf40d0365c82aafa2f8693cfa574a1ce5e
27,Czech Republic,CZE,10827,6492.0,4882.0,457.0,13998.0,5382.0,75236.0,94616.0,59.9612080908839,45.09097626304609,4.220929158585019,129.2878913826545,873.8893506973307,79.51720639215355,most recent national data reported during 2010-2023,"CTIF World Fire Statistics Report No. 30 (2025), Table 1.13",49,https://ctif.org/sites/default/files/2025-08/CTIF_Report30.pdf,2feed2884d17906fdc9ebb169b2d6edf40d0365c82aafa2f8693cfa574a1ce5e
28,Greece,GRC,10788,286.0,2104.0,109.0,13530.0,,3779.0,17309.0,2.651093807934742,19.50315164998146,1.0103819058212828,125.41713014460511,160.44679273266593,21.83257265006644,most recent national data reported during 2010-2023,"CTIF World Fire Statistics Report No. 30 (2025), Table 1.13",49,https://ctif.org/sites/default/files/2025-08/CTIF_Report30.pdf,2feed2884d17906fdc9ebb169b2d6edf40d0365c82aafa2f8693cfa574a1ce5e
29,Sweden,SWE,10552,935.0,,,5055.0,10894.0,,15949.0,8.860879454131917,,,47.905610310841546,151.1467020470053,,most recent national data reported during 2010-2023,"CTIF World Fire Statistics Report No. 30 (2025), Table 1.13",49,https://ctif.org/sites/default/files/2025-08/CTIF_Report30.pdf,2feed2884d17906fdc9ebb169b2d6edf40d0365c82aafa2f8693cfa574a1ce5e
30,Portugal,PRT,9857,434.0,1556.0,186.0,12263.0,0.0,17975.0,30238.0,4.402962361773359,15.785736025159785,1.8869838693314396,124.40904940651313,306.7667647357208,59.44506911832793,most recent national data reported during 2010-2023,"CTIF World Fire Statistics Report No. 30 (2025), Table 1.13",49,https://ctif.org/sites/default/files/2025-08/CTIF_Report30.pdf,2feed2884d17906fdc9ebb169b2d6edf40d0365c82aafa2f8693cfa574a1ce5e
31,Hungary,HUN,9856,291.0,1057.0,115.0,10045.0,,21442.0,31487.0,2.9525162337662336,10.724431818181818,1.166801948051948,101.91761363636364,319.47037337662334,68.09794518372662,most recent national data reported during 2010-2023,"CTIF World Fire Statistics Report No. 30 (2025), Table 1.13",49,https://ctif.org/sites/default/files/2025-08/CTIF_Report30.pdf,2feed2884d17906fdc9ebb169b2d6edf40d0365c82aafa2f8693cfa574a1ce5e
32,Israel,ISR,9656,122.0,290.0,42.0,2064.0,,,2064.0,1.2634631317315659,3.003314001657001,0.43496271748135873,21.375310687655343,21.375310687655343,,most recent national data reported during 2010-2023,"CTIF World Fire Statistics Report No. 30 (2025), Table 1.13",49,https://ctif.org/sites/default/files/2025-08/CTIF_Report30.pdf,2feed2884d17906fdc9ebb169b2d6edf40d0365c82aafa2f8693cfa574a1ce5e
33,Belarus,BLR,9408,714.0,1922.0,178.0,9276.0,,6660.0,15936.0,7.5892857142857135,20.429421768707485,1.8920068027210886,98.5969387755102,169.3877551020408,41.79216867469879,most recent national data reported during 2010-2023,"CTIF World Fire Statistics Report No. 30 (2025), Table 1.13",49,https://ctif.org/sites/default/files/2025-08/CTIF_Report30.pdf,2feed2884d17906fdc9ebb169b2d6edf40d0365c82aafa2f8693cfa574a1ce5e
34,Austria,AUT,9104,5550.0,8636.0,321.0,2775.0,,300891.0,303666.0,60.96221441124781,94.85940246045695,3.5259226713532517,30.481107205623903,3335.522847100176,99.08616703878603,most recent national data reported during 2010-2023,"CTIF World Fire Statistics Report No. 30 (2025), Table 1.13",49,https://ctif.org/sites/default/files/2025-08/CTIF_Report30.pdf,2feed2884d17906fdc9ebb169b2d6edf40d0365c82aafa2f8693cfa574a1ce5e
35,Switzerland,CHE,8500,1272.0,,,1185.0,0.0,80110.0,81295.0,14.964705882352941,,,13.941176470588236,956.4117647058824,98.5423457777231,most recent national data reported during 2010-2023,"CTIF World Fire Statistics Report No. 30 (2025), Table 1.13",49,https://ctif.org/sites/default/files/2025-08/CTIF_Report30.pdf,2feed2884d17906fdc9ebb169b2d6edf40d0365c82aafa2f8693cfa574a1ce5e
36,Serbia,SRB,6797,159.0,1183.0,41.0,3415.0,,3000.0,6415.0,2.3392673238193322,17.404737384140063,0.6032072973370605,50.242754156245404,94.37987347359129,46.76539360872954,most recent national data reported during 2010-2023,"CTIF World Fire Statistics Report No. 30 (2025), Table 1.13",49,https://ctif.org/sites/default/files/2025-08/CTIF_Report30.pdf,2feed2884d17906fdc9ebb169b2d6edf40d0365c82aafa2f8693cfa574a1ce5e
37,Bulgaria,BGR,6731,243.0,694.0,52.0,6545.0,0.0,3448.0,9993.0,3.6101619373050067,10.310503639875204,0.7725449413162977,97.23666617144555,148.46233843411082,34.50415290703492,most recent national data reported during 2010-2023,"CTIF World Fire Statistics Report No. 30 (2025), Table 1.13",49,https://ctif.org/sites/default/files/2025-08/CTIF_Report30.pdf,2feed2884d17906fdc9ebb169b2d6edf40d0365c82aafa2f8693cfa574a1ce5e
38,Laos,LAO,6522,17.0,52.0,1.0,244.0,0.0,0.0,244.0,0.26065624041705,0.7973014412756823,0.015332720024532353,3.741183685985894,3.741183685985894,0.0,most recent national data reported during 2010-2023,"CTIF World Fire Statistics Report No. 30 (2025), Table 1.13",49,https://ctif.org/sites/default/files/2025-08/CTIF_Report30.pdf,2feed2884d17906fdc9ebb169b2d6edf40d0365c82aafa2f8693cfa574a1ce5e
39,Denmark,DNK,5825,286.0,423.0,91.0,1426.0,5189.0,,6615.0,4.909871244635193,7.261802575107295,1.5622317596566524,24.48068669527897,113.56223175965665,,most recent national data reported during 2010-2023,"CTIF World Fire Statistics Report No. 30 (2025), Table 1.13",49,https://ctif.org/sites/default/files/2025-08/CTIF_Report30.pdf,2feed2884d17906fdc9ebb169b2d6edf40d0365c82aafa2f8693cfa574a1ce5e
40,Singapore,SGP,5637,23.0,103.0,23.0,2759.0,,,2759.0,0.4080184495298918,1.8272130565903848,0.4080184495298918,48.94447401099875,48.94447401099875,,most recent national data reported during 2010-2023,"CTIF World Fire Statistics Report No. 30 (2025), Table 1.13",49,https://ctif.org/sites/default/files/2025-08/CTIF_Report30.pdf,2feed2884d17906fdc9ebb169b2d6edf40d0365c82aafa2f8693cfa574a1ce5e
41,Finland,FIN,5565,890.0,1148.0,78.0,3791.0,3400.0,11700.0,18891.0,15.992812219227314,20.628930817610065,1.4016172506738545,68.12219227313567,339.46091644204853,61.93425440686041,most recent national data reported during 2010-2023,"CTIF World Fire Statistics Report No. 30 (2025), Table 1.13",49,https://ctif.org/sites/default/files/2025-08/CTIF_Report30.pdf,2feed2884d17906fdc9ebb169b2d6edf40d0365c82aafa2f8693cfa574a1ce5e
42,Georgia,GEO,5266,119.0,200.0,15.0,5128.0,,,5128.0,2.259779718951766,3.79794910748196,0.284846183061147,97.37941511583745,97.37941511583745,,most recent national data reported during 2010-2023,"CTIF World Fire Statistics Report No. 30 (2025), Table 1.13",49,https://ctif.org/sites/default/files/2025-08/CTIF_Report30.pdf,2feed2884d17906fdc9ebb169b2d6edf40d0365c82aafa2f8693cfa574a1ce5e
43,New Zealand,NZL,5123,648.0,661.0,25.0,1750.0,,11925.0,13675.0,12.648838571149717,12.902596135077104,0.48799531524497364,34.15967206714816,266.93343743900056,87.20292504570384,most recent national data reported during 2010-2023,"CTIF World Fire Statistics Report No. 30 (2025), Table 1.13",49,https://ctif.org/sites/default/files/2025-08/CTIF_Report30.pdf,2feed2884d17906fdc9ebb169b2d6edf40d0365c82aafa2f8693cfa574a1ce5e
44,Norway,NOR,5109,597.0,963.0,70.0,3718.0,8152.0,,11870.0,11.685261303581914,18.849089841456255,1.3701311411235075,72.7735368956743,232.3350949305148,,most recent national data reported during 2010-2023,"CTIF World Fire Statistics Report No. 30 (2025), Table 1.13",49,https://ctif.org/sites/default/files/2025-08/CTIF_Report30.pdf,2feed2884d17906fdc9ebb169b2d6edf40d0365c82aafa2f8693cfa574a1ce5e
45,Slovakia,SVK,5042,118.0,351.0,108.0,4296.0,,79004.0,83300.0,2.340341134470448,6.961523205077351,2.1420071400238,85.20428401428005,1652.1221737405792,94.84273709483794,most recent national data reported during 2010-2023,"CTIF World Fire Statistics Report No. 30 (2025), Table 1.13",49,https://ctif.org/sites/default/files/2025-08/CTIF_Report30.pdf,2feed2884d17906fdc9ebb169b2d6edf40d0365c82aafa2f8693cfa574a1ce5e
46,Ireland,IRL,5033,215.0,300.0,46.0,2012.0,2076.0,0.0,4088.0,4.271806079872839,5.960659646334195,0.9139678124379097,39.976157361414664,81.22392211404728,0.0,most recent national data reported during 2010-2023,"CTIF World Fire Statistics Report No. 30 (2025), Table 1.13",49,https://ctif.org/sites/default/files/2025-08/CTIF_Report30.pdf,2feed2884d17906fdc9ebb169b2d6edf40d0365c82aafa2f8693cfa574a1ce5e
47,Costa Rica,CRI,4973,76.0,,,,,,,1.5282525638447617,,,,,,most recent national data reported during 2010-2023,"CTIF World Fire Statistics Report No. 30 (2025), Table 1.13",49,https://ctif.org/sites/default/files/2025-08/CTIF_Report30.pdf,2feed2884d17906fdc9ebb169b2d6edf40d0365c82aafa2f8693cfa574a1ce5e
48,Panama,PAN,4395,85.0,15.0,1.0,1708.0,,3896.0,5604.0,1.9340159271899888,0.3412969283276451,0.022753128555176336,38.86234357224118,127.50853242320818,69.52177016416844,most recent national data reported during 2010-2023,"CTIF World Fire Statistics Report No. 30 (2025), Table 1.13",49,https://ctif.org/sites/default/files/2025-08/CTIF_Report30.pdf,2feed2884d17906fdc9ebb169b2d6edf40d0365c82aafa2f8693cfa574a1ce5e
49,Croatia,HRV,3860,2091.0,2413.0,147.0,4135.0,1100.0,58665.0,63900.0,54.170984455958546,62.512953367875646,3.8082901554404143,107.12435233160622,1655.440414507772,91.8075117370892,most recent national data reported during 2010-2023,"CTIF World Fire Statistics Report No. 30 (2025), Table 1.13",49,https://ctif.org/sites/default/files/2025-08/CTIF_Report30.pdf,2feed2884d17906fdc9ebb169b2d6edf40d0365c82aafa2f8693cfa574a1ce5e
50,Kuwait,KWT,3800,39.0,50.0,11.0,3800.0,,,3800.0,1.0263157894736843,1.3157894736842104,0.2894736842105263,100.0,100.0,,most recent national data reported during 2010-2023,"CTIF World Fire Statistics Report No. 30 (2025), Table 1.13",49,https://ctif.org/sites/default/files/2025-08/CTIF_Report30.pdf,2feed2884d17906fdc9ebb169b2d6edf40d0365c82aafa2f8693cfa574a1ce5e
51,Albania,ALB,3601,45.0,68.0,6.0,724.0,,,724.0,1.2496528742016106,1.8883643432379895,0.1666203832268814,20.105526242710358,20.105526242710358,,most recent national data reported during 2010-2023,"CTIF World Fire Statistics Report No. 30 (2025), Table 1.13",49,https://ctif.org/sites/default/files/2025-08/CTIF_Report30.pdf,2feed2884d17906fdc9ebb169b2d6edf40d0365c82aafa2f8693cfa574a1ce5e
52,Moldova,MDA,3553,62.0,163.0,25.0,1381.0,,90.0,1471.0,1.7450042217844075,4.587672389529975,0.703630734590487,38.8685617787785,41.40163242330425,6.118286879673692,most recent national data reported during 2010-2023,"CTIF World Fire Statistics Report No. 30 (2025), Table 1.13",49,https://ctif.org/sites/default/files/2025-08/CTIF_Report30.pdf,2feed2884d17906fdc9ebb169b2d6edf40d0365c82aafa2f8693cfa574a1ce5e
53,Mongolia,MNG,3297,64.0,138.0,6.0,3152.0,74.0,,3226.0,1.9411586290567182,4.185623293903549,0.18198362147406735,95.60206248104338,97.8465271458902,,most recent national data reported during 2010-2023,"CTIF World Fire Statistics Report No. 30 (2025), Table 1.13",49,https://ctif.org/sites/default/files/2025-08/CTIF_Report30.pdf,2feed2884d17906fdc9ebb169b2d6edf40d0365c82aafa2f8693cfa574a1ce5e
54,Lithuania,LTU,2805,87.0,285.0,51.0,2112.0,,1527.0,3639.0,3.1016042780748663,10.16042780748663,1.8181818181818181,75.29411764705883,129.73262032085563,41.962077493816984,most recent national data reported during 2010-2023,"CTIF World Fire Statistics Report No. 30 (2025), Table 1.13",49,https://ctif.org/sites/default/files/2025-08/CTIF_Report30.pdf,2feed2884d17906fdc9ebb169b2d6edf40d0365c82aafa2f8693cfa574a1ce5e
55,Armenia,ARM,2728,61.0,147.0,12.0,2172.0,,225.0,2397.0,2.236070381231672,5.3885630498533725,0.43988269794721413,79.61876832844574,87.866568914956,9.386733416770964,most recent national data reported during 2010-2023,"CTIF World Fire Statistics Report No. 30 (2025), Table 1.13",49,https://ctif.org/sites/default/files/2025-08/CTIF_Report30.pdf,2feed2884d17906fdc9ebb169b2d6edf40d0365c82aafa2f8693cfa574a1ce5e
56,Slovenia,SVN,2108,1337.0,1462.0,53.0,1000.0,0.0,35689.0,36689.0,63.425047438330175,69.35483870967742,2.5142314990512333,47.43833017077799,1740.4648956356737,97.27438741857233,most recent national data reported during 2010-2023,"CTIF World Fire Statistics Report No. 30 (2025), Table 1.13",49,https://ctif.org/sites/default/files/2025-08/CTIF_Report30.pdf,2feed2884d17906fdc9ebb169b2d6edf40d0365c82aafa2f8693cfa574a1ce5e
57,Latvia,LVA,1857,91.0,241.0,37.0,2690.0,,547.0,3237.0,4.900376952073236,12.977921378567583,1.992460958535272,144.85729671513192,174.31340872374798,16.89836268149521,most recent national data reported during 2010-2023,"CTIF World Fire Statistics Report No. 30 (2025), Table 1.13",49,https://ctif.org/sites/default/files/2025-08/CTIF_Report30.pdf,2feed2884d17906fdc9ebb169b2d6edf40d0365c82aafa2f8693cfa574a1ce5e
58,Bahrain,BHR,1557,13.0,24.0,6.0,604.0,,,604.0,0.8349389852280027,1.5414258188824663,0.3853564547206166,38.792549775208734,38.792549775208734,,most recent national data reported during 2010-2023,"CTIF World Fire Statistics Report No. 30 (2025), Table 1.13",49,https://ctif.org/sites/default/files/2025-08/CTIF_Report30.pdf,2feed2884d17906fdc9ebb169b2d6edf40d0365c82aafa2f8693cfa574a1ce5e
59,Estonia,EST,1365,72.0,78.0,11.0,1549.0,10.0,2629.0,4188.0,5.274725274725275,5.714285714285714,0.805860805860806,113.47985347985347,306.81318681318686,62.774594078319,most recent national data reported during 2010-2023,"CTIF World Fire Statistics Report No. 30 (2025), Table 1.13",49,https://ctif.org/sites/default/files/2025-08/CTIF_Report30.pdf,2feed2884d17906fdc9ebb169b2d6edf40d0365c82aafa2f8693cfa574a1ce5e
60,Cyprus,CYP,918,35.0,176.0,6.0,764.0,213.0,182.0,1159.0,3.812636165577342,19.172113289760347,0.6535947712418301,83.2244008714597,126.25272331154684,15.703192407247627,most recent national data reported during 2010-2023,"CTIF World Fire Statistics Report No. 30 (2025), Table 1.13",49,https://ctif.org/sites/default/files/2025-08/CTIF_Report30.pdf,2feed2884d17906fdc9ebb169b2d6edf40d0365c82aafa2f8693cfa574a1ce5e
61,Luxemburg,LUX,643,99.0,171.0,26.0,552.0,,3346.0,3898.0,15.396578538102643,26.594090202177295,4.043545878693624,85.8475894245723,606.2208398133748,85.83889173935351,most recent national data reported during 2010-2023,"CTIF World Fire Statistics Report No. 30 (2025), Table 1.13",49,https://ctif.org/sites/default/files/2025-08/CTIF_Report30.pdf,2feed2884d17906fdc9ebb169b2d6edf40d0365c82aafa2f8693cfa574a1ce5e
62,Brunei,BRN,430,23.0,40.0,3.0,1320.0,,,1320.0,5.348837209302325,9.30232558139535,0.6976744186046512,306.9767441860465,306.9767441860465,,most recent national data reported during 2010-2023,"CTIF World Fire Statistics Report No. 30 (2025), Table 1.13",49,https://ctif.org/sites/default/files/2025-08/CTIF_Report30.pdf,2feed2884d17906fdc9ebb169b2d6edf40d0365c82aafa2f8693cfa574a1ce5e
63,Barbados,BRB,267,6.0,13.0,2.0,214.0,,,214.0,2.247191011235955,4.868913857677903,0.7490636704119851,80.14981273408239,80.14981273408239,,most recent national data reported during 2010-2023,"CTIF World Fire Statistics Report No. 30 (2025), Table 1.13",49,https://ctif.org/sites/default/files/2025-08/CTIF_Report30.pdf,2feed2884d17906fdc9ebb169b2d6edf40d0365c82aafa2f8693cfa574a1ce5e
64,Andorra,AND,78,4.0,17.0,,120.0,,,120.0,5.128205128205128,21.794871794871796,,153.84615384615387,153.84615384615387,,most recent national data reported during 2010-2023,"CTIF World Fire Statistics Report No. 30 (2025), Table 1.13",49,https://ctif.org/sites/default/files/2025-08/CTIF_Report30.pdf,2feed2884d17906fdc9ebb169b2d6edf40d0365c82aafa2f8693cfa574a1ce5e
65,Liechtenstein,LIE,39,15.0,13.0,4.0,0.0,0.0,622.0,622.0,38.46153846153847,33.33333333333333,10.256410256410255,0.0,1594.871794871795,100.0,most recent national data reported during 2010-2023,"CTIF World Fire Statistics Report No. 30 (2025), Table 1.13",49,https://ctif.org/sites/default/files/2025-08/CTIF_Report30.pdf,2feed2884d17906fdc9ebb169b2d6edf40d0365c82aafa2f8693cfa574a1ce5e
