latitude,longitude,api_version,api_name,sources,time_standard,fill_value,request_start,request_end,accessed_utc,request_url
22.27832,114.17469,v2.9.7,POWER Daily API,MERRA2;POWER,LST,-999.0,19910101,20230330,2026-08-31T11:09:44.464540+00:00,https://power.larc.nasa.gov/api/temporal/daily/point?parameters=T2M_MAX%2CT2MDEW%2CPRECTOTCORR%2CWS10M&community=SB&longitude=114.17469&latitude=22.27832&start=19910101&end=20230330&format=JSON
55.75204,37.61781,v2.9.7,POWER Daily API,MERRA2;POWER,LST,-999.0,19910101,20201231,2026-08-31T11:09:47.920375+00:00,https://power.larc.nasa.gov/api/temporal/daily/point?parameters=T2M_MAX%2CT2MDEW%2CPRECTOTCORR%2CWS10M&community=SB&longitude=37.61781&latitude=55.75204&start=19910101&end=20201231&format=JSON
-34.89842,148.85272,v2.9.7,POWER Daily API,MERRA2;POWER,LST,-999.0,19910101,20201231,2026-08-31T11:09:51.583251+00:00,https://power.larc.nasa.gov/api/temporal/daily/point?parameters=T2M_MAX%2CT2MDEW%2CPRECTOTCORR%2CWS10M&community=SB&longitude=148.85272&latitude=-34.89842&start=19910101&end=20201231&format=JSON
27.9659,-82.8001,v2.9.7,POWER Daily API,MERRA2;POWER,LST,-999.0,19910101,20201231,2026-08-31T11:09:54.874846+00:00,https://power.larc.nasa.gov/api/temporal/daily/point?parameters=T2M_MAX%2CT2MDEW%2CPRECTOTCORR%2CWS10M&community=SB&longitude=-82.8001&latitude=27.9659&start=19910101&end=20201231&format=JSON
-26.2041,28.0473,v2.9.7,POWER Daily API,MERRA2;POWER,LST,-999.0,19910101,20201231,2026-08-31T11:12:25.054797+00:00,https://power.larc.nasa.gov/api/temporal/daily/point?parameters=T2M_MAX%2CT2MDEW%2CPRECTOTCORR%2CWS10M&community=SB&longitude=28.0473&latitude=-26.2041&start=19910101&end=20201231&format=JSON
51.5169,-0.1774,v2.9.7,POWER Daily API,MERRA2;POWER,LST,-999.0,19910101,20201231,2026-08-31T11:12:28.430712+00:00,https://power.larc.nasa.gov/api/temporal/daily/point?parameters=T2M_MAX%2CT2MDEW%2CPRECTOTCORR%2CWS10M&community=SB&longitude=-0.1774&latitude=51.5169&start=19910101&end=20201231&format=JSON
41.8833,-87.6302,v2.9.7,POWER Daily API,MERRA2;POWER,LST,-999.0,19910101,20201231,2026-08-31T11:12:31.833727+00:00,https://power.larc.nasa.gov/api/temporal/daily/point?parameters=T2M_MAX%2CT2MDEW%2CPRECTOTCORR%2CWS10M&community=SB&longitude=-87.6302&latitude=41.8833&start=19910101&end=20201231&format=JSON
30.056,31.33,v2.9.7,POWER Daily API,MERRA2;POWER,LST,-999.0,19910101,20201231,2026-08-31T11:12:35.092026+00:00,https://power.larc.nasa.gov/api/temporal/daily/point?parameters=T2M_MAX%2CT2MDEW%2CPRECTOTCORR%2CWS10M&community=SB&longitude=31.33&latitude=30.056&start=19910101&end=20201231&format=JSON
10.4983,-66.9022,v2.9.7,POWER Daily API,MERRA2;POWER,LST,-999.0,19910101,20201231,2026-08-31T11:14:59.032339+00:00,https://power.larc.nasa.gov/api/temporal/daily/point?parameters=T2M_MAX%2CT2MDEW%2CPRECTOTCORR%2CWS10M&community=SB&longitude=-66.9022&latitude=10.4983&start=19910101&end=20201231&format=JSON
41.881,-87.632,v2.9.7,POWER Daily API,MERRA2;POWER,LST,-999.0,19910101,20201231,2026-08-31T11:15:16.378923+00:00,https://power.larc.nasa.gov/api/temporal/daily/point?parameters=T2M_MAX%2CT2MDEW%2CPRECTOTCORR%2CWS10M&community=SB&longitude=-87.632&latitude=41.881&start=19910101&end=20201231&format=JSON
40.4462,-3.692,v2.9.7,POWER Daily API,MERRA2;POWER,LST,-999.0,19910101,20201231,2026-08-31T11:15:19.708080+00:00,https://power.larc.nasa.gov/api/temporal/daily/point?parameters=T2M_MAX%2CT2MDEW%2CPRECTOTCORR%2CWS10M&community=SB&longitude=-3.692&latitude=40.4462&start=19910101&end=20201231&format=JSON
52.52437,13.41053,v2.9.7,POWER Daily API,MERRA2;POWER,LST,-999.0,19910101,20201231,2026-08-31T11:15:23.139212+00:00,https://power.larc.nasa.gov/api/temporal/daily/point?parameters=T2M_MAX%2CT2MDEW%2CPRECTOTCORR%2CWS10M&community=SB&longitude=13.41053&latitude=52.52437&start=19910101&end=20201231&format=JSON
51.1801,71.44598,v2.9.7,POWER Daily API,MERRA2;POWER,LST,-999.0,19910101,20201231,2026-08-31T11:15:26.386709+00:00,https://power.larc.nasa.gov/api/temporal/daily/point?parameters=T2M_MAX%2CT2MDEW%2CPRECTOTCORR%2CWS10M&community=SB&longitude=71.44598&latitude=51.1801&start=19910101&end=20201231&format=JSON
25.07725,55.30927,v2.9.7,POWER Daily API,MERRA2;POWER,LST,-999.0,19910101,20260329,2026-08-31T11:15:43.915532+00:00,https://power.larc.nasa.gov/api/temporal/daily/point?parameters=T2M_MAX%2CT2MDEW%2CPRECTOTCORR%2CWS10M&community=SB&longitude=55.30927&latitude=25.07725&start=19910101&end=20260329&format=JSON
31.22222,121.45806,v2.9.7,POWER Daily API,MERRA2;POWER,LST,-999.0,19910101,20201231,2026-08-31T11:15:47.634551+00:00,https://power.larc.nasa.gov/api/temporal/daily/point?parameters=T2M_MAX%2CT2MDEW%2CPRECTOTCORR%2CWS10M&community=SB&longitude=121.45806&latitude=31.22222&start=19910101&end=20201231&format=JSON
40.7108,-74.0138,v2.9.7,POWER Daily API,MERRA2;POWER,LST,-999.0,19910101,20201231,2026-08-31T11:15:51.066252+00:00,https://power.larc.nasa.gov/api/temporal/daily/point?parameters=T2M_MAX%2CT2MDEW%2CPRECTOTCORR%2CWS10M&community=SB&longitude=-74.0138&latitude=40.7108&start=19910101&end=20201231&format=JSON
39.3786,-74.4351,v2.9.7,POWER Daily API,MERRA2;POWER,LST,-999.0,19910101,20201231,2026-08-31T11:16:12.514545+00:00,https://power.larc.nasa.gov/api/temporal/daily/point?parameters=T2M_MAX%2CT2MDEW%2CPRECTOTCORR%2CWS10M&community=SB&longitude=-74.4351&latitude=39.3786&start=19910101&end=20201231&format=JSON
36.1031,-115.1765,v2.9.7,POWER Daily API,MERRA2;POWER,LST,-999.0,19910101,20201231,2026-08-31T11:16:15.913204+00:00,https://power.larc.nasa.gov/api/temporal/daily/point?parameters=T2M_MAX%2CT2MDEW%2CPRECTOTCORR%2CWS10M&community=SB&longitude=-115.1765&latitude=36.1031&start=19910101&end=20201231&format=JSON
52.00667,4.35556,v2.9.7,POWER Daily API,MERRA2;POWER,LST,-999.0,19910101,20201231,2026-08-31T11:16:19.148473+00:00,https://power.larc.nasa.gov/api/temporal/daily/point?parameters=T2M_MAX%2CT2MDEW%2CPRECTOTCORR%2CWS10M&community=SB&longitude=4.35556&latitude=52.00667&start=19910101&end=20201231&format=JSON
21.42664,39.82563,v2.9.7,POWER Daily API,MERRA2;POWER,LST,-999.0,19910101,20201231,2026-08-31T11:16:22.541904+00:00,https://power.larc.nasa.gov/api/temporal/daily/point?parameters=T2M_MAX%2CT2MDEW%2CPRECTOTCORR%2CWS10M&community=SB&longitude=39.82563&latitude=21.42664&start=19910101&end=20201231&format=JSON
39.9075,116.39723,v2.9.7,POWER Daily API,MERRA2;POWER,LST,-999.0,19910101,20201231,2026-08-31T11:16:43.789065+00:00,https://power.larc.nasa.gov/api/temporal/daily/point?parameters=T2M_MAX%2CT2MDEW%2CPRECTOTCORR%2CWS10M&community=SB&longitude=116.39723&latitude=39.9075&start=19910101&end=20201231&format=JSON
23.7104,90.40744,v2.9.7,POWER Daily API,MERRA2;POWER,LST,-999.0,19910101,20240229,2026-08-31T11:16:47.231125+00:00,https://power.larc.nasa.gov/api/temporal/daily/point?parameters=T2M_MAX%2CT2MDEW%2CPRECTOTCORR%2CWS10M&community=SB&longitude=90.40744&latitude=23.7104&start=19910101&end=20240229&format=JSON
51.4745,-0.0876,v2.9.7,POWER Daily API,MERRA2;POWER,LST,-999.0,19910101,20201231,2026-08-31T11:16:50.578616+00:00,https://power.larc.nasa.gov/api/temporal/daily/point?parameters=T2M_MAX%2CT2MDEW%2CPRECTOTCORR%2CWS10M&community=SB&longitude=-0.0876&latitude=51.4745&start=19910101&end=20201231&format=JSON
48.1035,20.7784,v2.9.7,POWER Daily API,MERRA2;POWER,LST,-999.0,19910101,20201231,2026-08-31T11:16:53.986631+00:00,https://power.larc.nasa.gov/api/temporal/daily/point?parameters=T2M_MAX%2CT2MDEW%2CPRECTOTCORR%2CWS10M&community=SB&longitude=20.7784&latitude=48.1035&start=19910101&end=20201231&format=JSON
25.3342,55.41221,v2.9.7,POWER Daily API,MERRA2;POWER,LST,-999.0,19910101,20201231,2026-08-31T11:17:11.391417+00:00,https://power.larc.nasa.gov/api/temporal/daily/point?parameters=T2M_MAX%2CT2MDEW%2CPRECTOTCORR%2CWS10M&community=SB&longitude=55.41221&latitude=25.3342&start=19910101&end=20201231&format=JSON
35.10168,129.03004,v2.9.7,POWER Daily API,MERRA2;POWER,LST,-999.0,19910101,20201231,2026-08-31T11:17:14.796821+00:00,https://power.larc.nasa.gov/api/temporal/daily/point?parameters=T2M_MAX%2CT2MDEW%2CPRECTOTCORR%2CWS10M&community=SB&longitude=129.03004&latitude=35.10168&start=19910101&end=20201231&format=JSON
47.31344,5.01391,v2.9.7,POWER Daily API,MERRA2;POWER,LST,-999.0,19910101,20201231,2026-08-31T11:17:17.974019+00:00,https://power.larc.nasa.gov/api/temporal/daily/point?parameters=T2M_MAX%2CT2MDEW%2CPRECTOTCORR%2CWS10M&community=SB&longitude=5.01391&latitude=47.31344&start=19910101&end=20201231&format=JSON
47.322,5.009,v2.9.7,POWER Daily API,MERRA2;POWER,LST,-999.0,19910101,20201231,2026-08-31T11:17:21.090103+00:00,https://power.larc.nasa.gov/api/temporal/daily/point?parameters=T2M_MAX%2CT2MDEW%2CPRECTOTCORR%2CWS10M&community=SB&longitude=5.009&latitude=47.322&start=19910101&end=20201231&format=JSON
41.79222,123.43278,v2.9.7,POWER Daily API,MERRA2;POWER,LST,-999.0,19910101,20201231,2026-08-31T11:17:42.560180+00:00,https://power.larc.nasa.gov/api/temporal/daily/point?parameters=T2M_MAX%2CT2MDEW%2CPRECTOTCORR%2CWS10M&community=SB&longitude=123.43278&latitude=41.79222&start=19910101&end=20201231&format=JSON
21.0245,105.84117,v2.9.7,POWER Daily API,MERRA2;POWER,LST,-999.0,19910101,20230926,2026-08-31T11:17:45.895755+00:00,https://power.larc.nasa.gov/api/temporal/daily/point?parameters=T2M_MAX%2CT2MDEW%2CPRECTOTCORR%2CWS10M&community=SB&longitude=105.84117&latitude=21.0245&start=19910101&end=20230926&format=JSON
3.1412,101.68653,v2.9.7,POWER Daily API,MERRA2;POWER,LST,-999.0,19910101,20201231,2026-08-31T11:17:49.193576+00:00,https://power.larc.nasa.gov/api/temporal/daily/point?parameters=T2M_MAX%2CT2MDEW%2CPRECTOTCORR%2CWS10M&community=SB&longitude=101.68653&latitude=3.1412&start=19910101&end=20201231&format=JSON
13.75398,100.50144,v2.9.7,POWER Daily API,MERRA2;POWER,LST,-999.0,19910101,20201231,2026-08-31T11:17:52.424486+00:00,https://power.larc.nasa.gov/api/temporal/daily/point?parameters=T2M_MAX%2CT2MDEW%2CPRECTOTCORR%2CWS10M&community=SB&longitude=100.50144&latitude=13.75398&start=19910101&end=20201231&format=JSON
50.6927,3.1746,v2.9.7,POWER Daily API,MERRA2;POWER,LST,-999.0,19910101,20201231,2026-08-31T11:18:09.536076+00:00,https://power.larc.nasa.gov/api/temporal/daily/point?parameters=T2M_MAX%2CT2MDEW%2CPRECTOTCORR%2CWS10M&community=SB&longitude=3.1746&latitude=50.6927&start=19910101&end=20201231&format=JSON
41.01384,28.94966,v2.9.7,POWER Daily API,MERRA2;POWER,LST,-999.0,19910101,20221029,2026-08-31T11:18:12.693885+00:00,https://power.larc.nasa.gov/api/temporal/daily/point?parameters=T2M_MAX%2CT2MDEW%2CPRECTOTCORR%2CWS10M&community=SB&longitude=28.94966&latitude=41.01384&start=19910101&end=20221029&format=JSON
-33.9173,151.0359,v2.9.7,POWER Daily API,MERRA2;POWER,LST,-999.0,19910101,20201231,2026-08-31T11:18:16.458876+00:00,https://power.larc.nasa.gov/api/temporal/daily/point?parameters=T2M_MAX%2CT2MDEW%2CPRECTOTCORR%2CWS10M&community=SB&longitude=151.0359&latitude=-33.9173&start=19910101&end=20201231&format=JSON
19.438,-99.174,v2.9.7,POWER Daily API,MERRA2;POWER,LST,-999.0,19910101,20201231,2026-08-31T11:18:20.082515+00:00,https://power.larc.nasa.gov/api/temporal/daily/point?parameters=T2M_MAX%2CT2MDEW%2CPRECTOTCORR%2CWS10M&community=SB&longitude=-99.174&latitude=19.438&start=19910101&end=20201231&format=JSON
43.3169,45.6981,v2.9.7,POWER Daily API,MERRA2;POWER,LST,-999.0,19910101,20201231,2026-08-31T11:18:37.495274+00:00,https://power.larc.nasa.gov/api/temporal/daily/point?parameters=T2M_MAX%2CT2MDEW%2CPRECTOTCORR%2CWS10M&community=SB&longitude=45.6981&latitude=43.3169&start=19910101&end=20201231&format=JSON
6.454,3.392,v2.9.7,POWER Daily API,MERRA2;POWER,LST,-999.0,19910101,20251231,2026-08-31T11:18:40.907385+00:00,https://power.larc.nasa.gov/api/temporal/daily/point?parameters=T2M_MAX%2CT2MDEW%2CPRECTOTCORR%2CWS10M&community=SB&longitude=3.392&latitude=6.454&start=19910101&end=20251231&format=JSON
10.498,-66.9017,v2.9.7,POWER Daily API,MERRA2;POWER,LST,-999.0,19910101,20201231,2026-08-31T11:18:44.354100+00:00,https://power.larc.nasa.gov/api/temporal/daily/point?parameters=T2M_MAX%2CT2MDEW%2CPRECTOTCORR%2CWS10M&community=SB&longitude=-66.9017&latitude=10.498&start=19910101&end=20201231&format=JSON
23.11667,113.25,v2.9.7,POWER Daily API,MERRA2;POWER,LST,-999.0,19910101,20201231,2026-08-31T11:18:47.621459+00:00,https://power.larc.nasa.gov/api/temporal/daily/point?parameters=T2M_MAX%2CT2MDEW%2CPRECTOTCORR%2CWS10M&community=SB&longitude=113.25&latitude=23.11667&start=19910101&end=20201231&format=JSON
40.7603,-73.9954,v2.9.7,POWER Daily API,MERRA2;POWER,LST,-999.0,19910101,20201231,2026-08-31T11:19:04.965952+00:00,https://power.larc.nasa.gov/api/temporal/daily/point?parameters=T2M_MAX%2CT2MDEW%2CPRECTOTCORR%2CWS10M&community=SB&longitude=-73.9954&latitude=40.7603&start=19910101&end=20201231&format=JSON
40.71427,-74.00597,v2.9.7,POWER Daily API,MERRA2;POWER,LST,-999.0,19910101,20201231,2026-08-31T11:19:08.133849+00:00,https://power.larc.nasa.gov/api/temporal/daily/point?parameters=T2M_MAX%2CT2MDEW%2CPRECTOTCORR%2CWS10M&community=SB&longitude=-74.00597&latitude=40.71427&start=19910101&end=20201231&format=JSON
40.7653,-73.9792,v2.9.7,POWER Daily API,MERRA2;POWER,LST,-999.0,19910101,20201231,2026-08-31T11:19:11.507045+00:00,https://power.larc.nasa.gov/api/temporal/daily/point?parameters=T2M_MAX%2CT2MDEW%2CPRECTOTCORR%2CWS10M&community=SB&longitude=-73.9792&latitude=40.7653&start=19910101&end=20201231&format=JSON
19.07283,72.88261,v2.9.7,POWER Daily API,MERRA2;POWER,LST,-999.0,19910101,20201231,2026-08-31T11:19:14.911001+00:00,https://power.larc.nasa.gov/api/temporal/daily/point?parameters=T2M_MAX%2CT2MDEW%2CPRECTOTCORR%2CWS10M&community=SB&longitude=72.88261&latitude=19.07283&start=19910101&end=20201231&format=JSON
56.03742,92.93136,v2.9.7,POWER Daily API,MERRA2;POWER,LST,-999.0,19910101,20201231,2026-08-31T11:19:36.580058+00:00,https://power.larc.nasa.gov/api/temporal/daily/point?parameters=T2M_MAX%2CT2MDEW%2CPRECTOTCORR%2CWS10M&community=SB&longitude=92.93136&latitude=56.03742&start=19910101&end=20201231&format=JSON
-37.814,144.96332,v2.9.7,POWER Daily API,MERRA2;POWER,LST,-999.0,19910101,20201231,2026-08-31T11:19:40.011541+00:00,https://power.larc.nasa.gov/api/temporal/daily/point?parameters=T2M_MAX%2CT2MDEW%2CPRECTOTCORR%2CWS10M&community=SB&longitude=144.96332&latitude=-37.814&start=19910101&end=20201231&format=JSON
29.5252,-98.5148,v2.9.7,POWER Daily API,MERRA2;POWER,LST,-999.0,19910101,20201231,2026-08-31T11:19:43.382264+00:00,https://power.larc.nasa.gov/api/temporal/daily/point?parameters=T2M_MAX%2CT2MDEW%2CPRECTOTCORR%2CWS10M&community=SB&longitude=-98.5148&latitude=29.5252&start=19910101&end=20201231&format=JSON
-6.21462,106.84513,v2.9.7,POWER Daily API,MERRA2;POWER,LST,-999.0,19910101,20201231,2026-08-31T11:19:46.682435+00:00,https://power.larc.nasa.gov/api/temporal/daily/point?parameters=T2M_MAX%2CT2MDEW%2CPRECTOTCORR%2CWS10M&community=SB&longitude=106.84513&latitude=-6.21462&start=19910101&end=20201231&format=JSON
48.88341,2.23894,v2.9.7,POWER Daily API,MERRA2;POWER,LST,-999.0,19910101,20201231,2026-08-31T11:20:07.922941+00:00,https://power.larc.nasa.gov/api/temporal/daily/point?parameters=T2M_MAX%2CT2MDEW%2CPRECTOTCORR%2CWS10M&community=SB&longitude=2.23894&latitude=48.88341&start=19910101&end=20201231&format=JSON
6.448,3.397,v2.9.7,POWER Daily API,MERRA2;POWER,LST,-999.0,19910101,20201231,2026-08-31T11:20:11.265531+00:00,https://power.larc.nasa.gov/api/temporal/daily/point?parameters=T2M_MAX%2CT2MDEW%2CPRECTOTCORR%2CWS10M&community=SB&longitude=3.397&latitude=6.448&start=19910101&end=20201231&format=JSON
40.37767,49.89201,v2.9.7,POWER Daily API,MERRA2;POWER,LST,-999.0,19910101,20201231,2026-08-31T11:20:14.918474+00:00,https://power.larc.nasa.gov/api/temporal/daily/point?parameters=T2M_MAX%2CT2MDEW%2CPRECTOTCORR%2CWS10M&community=SB&longitude=49.89201&latitude=40.37767&start=19910101&end=20201231&format=JSON
36.1099,-115.1745,v2.9.7,POWER Daily API,MERRA2;POWER,LST,-999.0,19910101,20201231,2026-08-31T11:20:18.338063+00:00,https://power.larc.nasa.gov/api/temporal/daily/point?parameters=T2M_MAX%2CT2MDEW%2CPRECTOTCORR%2CWS10M&community=SB&longitude=-115.1745&latitude=36.1099&start=19910101&end=20201231&format=JSON
41.8988,-87.623,v2.9.7,POWER Daily API,MERRA2;POWER,LST,-999.0,19910101,20201231,2026-08-31T11:20:35.787261+00:00,https://power.larc.nasa.gov/api/temporal/daily/point?parameters=T2M_MAX%2CT2MDEW%2CPRECTOTCORR%2CWS10M&community=SB&longitude=-87.623&latitude=41.8988&start=19910101&end=20201231&format=JSON
6.449,3.398,v2.9.7,POWER Daily API,MERRA2;POWER,LST,-999.0,19910101,20201231,2026-08-31T11:20:39.231445+00:00,https://power.larc.nasa.gov/api/temporal/daily/point?parameters=T2M_MAX%2CT2MDEW%2CPRECTOTCORR%2CWS10M&community=SB&longitude=3.398&latitude=6.449&start=19910101&end=20201231&format=JSON
48.85341,2.3488,v2.9.7,POWER Daily API,MERRA2;POWER,LST,-999.0,19910101,20250127,2026-08-31T11:20:42.527231+00:00,https://power.larc.nasa.gov/api/temporal/daily/point?parameters=T2M_MAX%2CT2MDEW%2CPRECTOTCORR%2CWS10M&community=SB&longitude=2.3488&latitude=48.85341&start=19910101&end=20250127&format=JSON
48.93564,2.35387,v2.9.7,POWER Daily API,MERRA2;POWER,LST,-999.0,19910101,20201231,2026-08-31T11:20:45.844372+00:00,https://power.larc.nasa.gov/api/temporal/daily/point?parameters=T2M_MAX%2CT2MDEW%2CPRECTOTCORR%2CWS10M&community=SB&longitude=2.35387&latitude=48.93564&start=19910101&end=20201231&format=JSON
25.40177,55.47878,v2.9.7,POWER Daily API,MERRA2;POWER,LST,-999.0,19910101,20201231,2026-08-31T11:21:03.253491+00:00,https://power.larc.nasa.gov/api/temporal/daily/point?parameters=T2M_MAX%2CT2MDEW%2CPRECTOTCORR%2CWS10M&community=SB&longitude=55.47878&latitude=25.40177&start=19910101&end=20201231&format=JSON
32.06167,118.77778,v2.9.7,POWER Daily API,MERRA2;POWER,LST,-999.0,19910101,20240223,2026-08-31T11:21:06.624219+00:00,https://power.larc.nasa.gov/api/temporal/daily/point?parameters=T2M_MAX%2CT2MDEW%2CPRECTOTCORR%2CWS10M&community=SB&longitude=118.77778&latitude=32.06167&start=19910101&end=20240223&format=JSON
48.8646,2.3984,v2.9.7,POWER Daily API,MERRA2;POWER,LST,-999.0,19910101,20201231,2026-08-31T11:21:09.770607+00:00,https://power.larc.nasa.gov/api/temporal/daily/point?parameters=T2M_MAX%2CT2MDEW%2CPRECTOTCORR%2CWS10M&community=SB&longitude=2.3984&latitude=48.8646&start=19910101&end=20201231&format=JSON
51.5053,-0.2269,v2.9.7,POWER Daily API,MERRA2;POWER,LST,-999.0,19910101,20201231,2026-08-31T11:21:12.932741+00:00,https://power.larc.nasa.gov/api/temporal/daily/point?parameters=T2M_MAX%2CT2MDEW%2CPRECTOTCORR%2CWS10M&community=SB&longitude=-0.2269&latitude=51.5053&start=19910101&end=20201231&format=JSON
35.69439,51.42151,v2.9.7,POWER Daily API,MERRA2;POWER,LST,-999.0,19910101,20201231,2026-08-31T11:21:30.383206+00:00,https://power.larc.nasa.gov/api/temporal/daily/point?parameters=T2M_MAX%2CT2MDEW%2CPRECTOTCORR%2CWS10M&community=SB&longitude=51.42151&latitude=35.69439&start=19910101&end=20201231&format=JSON
51.5131,-0.2159,v2.9.7,POWER Daily API,MERRA2;POWER,LST,-999.0,19910101,20201231,2026-08-31T11:21:33.720887+00:00,https://power.larc.nasa.gov/api/temporal/daily/point?parameters=T2M_MAX%2CT2MDEW%2CPRECTOTCORR%2CWS10M&community=SB&longitude=-0.2159&latitude=51.5131&start=19910101&end=20201231&format=JSON
21.2883,-157.826,v2.9.7,POWER Daily API,MERRA2;POWER,LST,-999.0,19910101,20201231,2026-08-31T11:21:37.220981+00:00,https://power.larc.nasa.gov/api/temporal/daily/point?parameters=T2M_MAX%2CT2MDEW%2CPRECTOTCORR%2CWS10M&community=SB&longitude=-157.826&latitude=21.2883&start=19910101&end=20201231&format=JSON
36.29807,59.60567,v2.9.7,POWER Daily API,MERRA2;POWER,LST,-999.0,19910101,20201231,2026-08-31T11:21:40.741356+00:00,https://power.larc.nasa.gov/api/temporal/daily/point?parameters=T2M_MAX%2CT2MDEW%2CPRECTOTCORR%2CWS10M&community=SB&longitude=59.60567&latitude=36.29807&start=19910101&end=20201231&format=JSON
53.4843,-2.235,v2.9.7,POWER Daily API,MERRA2;POWER,LST,-999.0,19910101,20201231,2026-08-31T11:22:01.917272+00:00,https://power.larc.nasa.gov/api/temporal/daily/point?parameters=T2M_MAX%2CT2MDEW%2CPRECTOTCORR%2CWS10M&community=SB&longitude=-2.235&latitude=53.4843&start=19910101&end=20201231&format=JSON
34.75778,113.64861,v2.9.7,POWER Daily API,MERRA2;POWER,LST,-999.0,19910101,20201231,2026-08-31T11:22:05.202573+00:00,https://power.larc.nasa.gov/api/temporal/daily/point?parameters=T2M_MAX%2CT2MDEW%2CPRECTOTCORR%2CWS10M&community=SB&longitude=113.64861&latitude=34.75778&start=19910101&end=20201231&format=JSON
40.7624,-73.9738,v2.9.7,POWER Daily API,MERRA2;POWER,LST,-999.0,19910101,20201231,2026-08-31T11:22:08.528458+00:00,https://power.larc.nasa.gov/api/temporal/daily/point?parameters=T2M_MAX%2CT2MDEW%2CPRECTOTCORR%2CWS10M&community=SB&longitude=-73.9738&latitude=40.7624&start=19910101&end=20201231&format=JSON
-23.5421,-46.6364,v2.9.7,POWER Daily API,MERRA2;POWER,LST,-999.0,19910101,20201231,2026-08-31T11:22:11.969537+00:00,https://power.larc.nasa.gov/api/temporal/daily/point?parameters=T2M_MAX%2CT2MDEW%2CPRECTOTCORR%2CWS10M&community=SB&longitude=-46.6364&latitude=-23.5421&start=19910101&end=20201231&format=JSON
-26.205,28.043,v2.9.7,POWER Daily API,MERRA2;POWER,LST,-999.0,19910101,20201231,2026-08-31T11:22:33.373351+00:00,https://power.larc.nasa.gov/api/temporal/daily/point?parameters=T2M_MAX%2CT2MDEW%2CPRECTOTCORR%2CWS10M&community=SB&longitude=28.043&latitude=-26.205&start=19910101&end=20201231&format=JSON
48.847,2.263,v2.9.7,POWER Daily API,MERRA2;POWER,LST,-999.0,19910101,20201231,2026-08-31T11:22:36.540124+00:00,https://power.larc.nasa.gov/api/temporal/daily/point?parameters=T2M_MAX%2CT2MDEW%2CPRECTOTCORR%2CWS10M&community=SB&longitude=2.263&latitude=48.847&start=19910101&end=20201231&format=JSON
34.7986,114.30742,v2.9.7,POWER Daily API,MERRA2;POWER,LST,-999.0,19910101,20201231,2026-08-31T11:22:39.747975+00:00,https://power.larc.nasa.gov/api/temporal/daily/point?parameters=T2M_MAX%2CT2MDEW%2CPRECTOTCORR%2CWS10M&community=SB&longitude=114.30742&latitude=34.7986&start=19910101&end=20201231&format=JSON
34.67345,112.43684,v2.9.7,POWER Daily API,MERRA2;POWER,LST,-999.0,19910101,20201231,2026-08-31T11:22:43.098263+00:00,https://power.larc.nasa.gov/api/temporal/daily/point?parameters=T2M_MAX%2CT2MDEW%2CPRECTOTCORR%2CWS10M&community=SB&longitude=112.43684&latitude=34.67345&start=19910101&end=20201231&format=JSON
52.229,20.9847,v2.9.7,POWER Daily API,MERRA2;POWER,LST,-999.0,19910101,20201231,2026-08-31T11:23:04.416862+00:00,https://power.larc.nasa.gov/api/temporal/daily/point?parameters=T2M_MAX%2CT2MDEW%2CPRECTOTCORR%2CWS10M&community=SB&longitude=20.9847&latitude=52.229&start=19910101&end=20201231&format=JSON
40.7616,-73.9825,v2.9.7,POWER Daily API,MERRA2;POWER,LST,-999.0,19910101,20201231,2026-08-31T11:23:07.787378+00:00,https://power.larc.nasa.gov/api/temporal/daily/point?parameters=T2M_MAX%2CT2MDEW%2CPRECTOTCORR%2CWS10M&community=SB&longitude=-73.9825&latitude=40.7616&start=19910101&end=20201231&format=JSON
52.22977,21.01178,v2.9.7,POWER Daily API,MERRA2;POWER,LST,-999.0,19910101,20201231,2026-08-31T11:23:11.000717+00:00,https://power.larc.nasa.gov/api/temporal/daily/point?parameters=T2M_MAX%2CT2MDEW%2CPRECTOTCORR%2CWS10M&community=SB&longitude=21.01178&latitude=52.22977&start=19910101&end=20201231&format=JSON
48.8566,2.3522,v2.9.7,POWER Daily API,MERRA2;POWER,LST,-999.0,19910101,20201231,2026-08-31T11:23:14.108606+00:00,https://power.larc.nasa.gov/api/temporal/daily/point?parameters=T2M_MAX%2CT2MDEW%2CPRECTOTCORR%2CWS10M&community=SB&longitude=2.3522&latitude=48.8566&start=19910101&end=20201231&format=JSON
53.578,-2.429,v2.9.7,POWER Daily API,MERRA2;POWER,LST,-999.0,19910101,20201231,2026-08-31T11:23:35.449708+00:00,https://power.larc.nasa.gov/api/temporal/daily/point?parameters=T2M_MAX%2CT2MDEW%2CPRECTOTCORR%2CWS10M&community=SB&longitude=-2.429&latitude=53.578&start=19910101&end=20201231&format=JSON
-33.9005,151.2073,v2.9.7,POWER Daily API,MERRA2;POWER,LST,-999.0,19910101,20201231,2026-08-31T11:23:38.826234+00:00,https://power.larc.nasa.gov/api/temporal/daily/point?parameters=T2M_MAX%2CT2MDEW%2CPRECTOTCORR%2CWS10M&community=SB&longitude=151.2073&latitude=-33.9005&start=19910101&end=20201231&format=JSON
48.99923,21.2355,v2.9.7,POWER Daily API,MERRA2;POWER,LST,-999.0,19910101,20201231,2026-08-31T11:23:42.010805+00:00,https://power.larc.nasa.gov/api/temporal/daily/point?parameters=T2M_MAX%2CT2MDEW%2CPRECTOTCORR%2CWS10M&community=SB&longitude=21.2355&latitude=48.99923&start=19910101&end=20201231&format=JSON
9.0579,7.4951,v2.9.7,POWER Daily API,MERRA2;POWER,LST,-999.0,19910101,20201231,2026-08-31T11:23:45.523433+00:00,https://power.larc.nasa.gov/api/temporal/daily/point?parameters=T2M_MAX%2CT2MDEW%2CPRECTOTCORR%2CWS10M&community=SB&longitude=7.4951&latitude=9.0579&start=19910101&end=20201231&format=JSON
39.91987,32.85427,v2.9.7,POWER Daily API,MERRA2;POWER,LST,-999.0,19910101,20201231,2026-08-31T11:24:02.563700+00:00,https://power.larc.nasa.gov/api/temporal/daily/point?parameters=T2M_MAX%2CT2MDEW%2CPRECTOTCORR%2CWS10M&community=SB&longitude=32.85427&latitude=39.91987&start=19910101&end=20201231&format=JSON
40.4168,-3.7038,v2.9.7,POWER Daily API,MERRA2;POWER,LST,-999.0,19910101,20201231,2026-08-31T11:24:05.544009+00:00,https://power.larc.nasa.gov/api/temporal/daily/point?parameters=T2M_MAX%2CT2MDEW%2CPRECTOTCORR%2CWS10M&community=SB&longitude=-3.7038&latitude=40.4168&start=19910101&end=20201231&format=JSON
36.5,127.75,v2.9.7,POWER Daily API,MERRA2;POWER,LST,-999.0,19910101,20201231,2026-08-31T11:24:08.527977+00:00,https://power.larc.nasa.gov/api/temporal/daily/point?parameters=T2M_MAX%2CT2MDEW%2CPRECTOTCORR%2CWS10M&community=SB&longitude=127.75&latitude=36.5&start=19910101&end=20201231&format=JSON
-3.6896,-40.3482,v2.9.7,POWER Daily API,MERRA2;POWER,LST,-999.0,19910101,20201231,2026-08-31T11:24:11.405655+00:00,https://power.larc.nasa.gov/api/temporal/daily/point?parameters=T2M_MAX%2CT2MDEW%2CPRECTOTCORR%2CWS10M&community=SB&longitude=-40.3482&latitude=-3.6896&start=19910101&end=20201231&format=JSON
-37.8136,144.9631,v2.9.7,POWER Daily API,MERRA2;POWER,LST,-999.0,19910101,20250130,2026-08-31T11:24:32.559791+00:00,https://power.larc.nasa.gov/api/temporal/daily/point?parameters=T2M_MAX%2CT2MDEW%2CPRECTOTCORR%2CWS10M&community=SB&longitude=144.9631&latitude=-37.8136&start=19910101&end=20250130&format=JSON
38.04139,114.47861,v2.9.7,POWER Daily API,MERRA2;POWER,LST,-999.0,19910101,20210330,2026-08-31T11:24:35.658722+00:00,https://power.larc.nasa.gov/api/temporal/daily/point?parameters=T2M_MAX%2CT2MDEW%2CPRECTOTCORR%2CWS10M&community=SB&longitude=114.47861&latitude=38.04139&start=19910101&end=20210330&format=JSON
45.4376,9.1805,v2.9.7,POWER Daily API,MERRA2;POWER,LST,-999.0,19910101,20210829,2026-08-31T11:24:38.655897+00:00,https://power.larc.nasa.gov/api/temporal/daily/point?parameters=T2M_MAX%2CT2MDEW%2CPRECTOTCORR%2CWS10M&community=SB&longitude=9.1805&latitude=45.4376&start=19910101&end=20210829&format=JSON
22.61626,120.31333,v2.9.7,POWER Daily API,MERRA2;POWER,LST,-999.0,19910101,20211028,2026-08-31T11:24:41.679215+00:00,https://power.larc.nasa.gov/api/temporal/daily/point?parameters=T2M_MAX%2CT2MDEW%2CPRECTOTCORR%2CWS10M&community=SB&longitude=120.31333&latitude=22.61626&start=19910101&end=20211028&format=JSON
40.8532,-73.8897,v2.9.7,POWER Daily API,MERRA2;POWER,LST,-999.0,19910101,20220130,2026-08-31T11:25:03.261298+00:00,https://power.larc.nasa.gov/api/temporal/daily/point?parameters=T2M_MAX%2CT2MDEW%2CPRECTOTCORR%2CWS10M&community=SB&longitude=-73.8897&latitude=40.8532&start=19910101&end=20220130&format=JSON
28.19874,112.97087,v2.9.7,POWER Daily API,MERRA2;POWER,LST,-999.0,19910101,20220930,2026-08-31T11:25:06.706134+00:00,https://power.larc.nasa.gov/api/temporal/daily/point?parameters=T2M_MAX%2CT2MDEW%2CPRECTOTCORR%2CWS10M&community=SB&longitude=112.97087&latitude=28.19874&start=19910101&end=20220930&format=JSON
33.72148,73.04329,v2.9.7,POWER Daily API,MERRA2;POWER,LST,-999.0,19910101,20221030,2026-08-31T11:25:09.902528+00:00,https://power.larc.nasa.gov/api/temporal/daily/point?parameters=T2M_MAX%2CT2MDEW%2CPRECTOTCORR%2CWS10M&community=SB&longitude=73.04329&latitude=33.72148&start=19910101&end=20221030&format=JSON
40.7548,-73.9651,v2.9.7,POWER Daily API,MERRA2;POWER,LST,-999.0,19910101,20221126,2026-08-31T11:25:12.989000+00:00,https://power.larc.nasa.gov/api/temporal/daily/point?parameters=T2M_MAX%2CT2MDEW%2CPRECTOTCORR%2CWS10M&community=SB&longitude=-73.9651&latitude=40.7548&start=19910101&end=20221126&format=JSON
43.80096,87.60046,v2.9.7,POWER Daily API,MERRA2;POWER,LST,-999.0,19910101,20221124,2026-08-31T11:25:34.492259+00:00,https://power.larc.nasa.gov/api/temporal/daily/point?parameters=T2M_MAX%2CT2MDEW%2CPRECTOTCORR%2CWS10M&community=SB&longitude=87.60046&latitude=43.80096&start=19910101&end=20221124&format=JSON
-33.879,151.219,v2.9.7,POWER Daily API,MERRA2;POWER,LST,-999.0,19910101,20230430,2026-08-31T11:25:37.978257+00:00,https://power.larc.nasa.gov/api/temporal/daily/point?parameters=T2M_MAX%2CT2MDEW%2CPRECTOTCORR%2CWS10M&community=SB&longitude=151.219&latitude=-33.879&start=19910101&end=20230430&format=JSON
15.55177,32.53241,v2.9.7,POWER Daily API,MERRA2;POWER,LST,-999.0,19910101,20230924,2026-08-31T11:25:41.445435+00:00,https://power.larc.nasa.gov/api/temporal/daily/point?parameters=T2M_MAX%2CT2MDEW%2CPRECTOTCORR%2CWS10M&community=SB&longitude=32.53241&latitude=15.55177&start=19910101&end=20230924&format=JSON
39.47391,-0.37966,v2.9.7,POWER Daily API,MERRA2;POWER,LST,-999.0,19910101,20240229,2026-08-31T11:25:44.916381+00:00,https://power.larc.nasa.gov/api/temporal/daily/point?parameters=T2M_MAX%2CT2MDEW%2CPRECTOTCORR%2CWS10M&community=SB&longitude=-0.37966&latitude=39.47391&start=19910101&end=20240229&format=JSON
56.85836,35.90057,v2.9.7,POWER Daily API,MERRA2;POWER,LST,-999.0,19910101,20240328,2026-08-31T11:26:06.682469+00:00,https://power.larc.nasa.gov/api/temporal/daily/point?parameters=T2M_MAX%2CT2MDEW%2CPRECTOTCORR%2CWS10M&community=SB&longitude=35.90057&latitude=56.85836&start=19910101&end=20240328&format=JSON
-8.0476,-34.905,v2.9.7,POWER Daily API,MERRA2;POWER,LST,-999.0,19910101,20240328,2026-08-31T11:26:10.043364+00:00,https://power.larc.nasa.gov/api/temporal/daily/point?parameters=T2M_MAX%2CT2MDEW%2CPRECTOTCORR%2CWS10M&community=SB&longitude=-34.905&latitude=-8.0476&start=19910101&end=20240328&format=JSON
48.854,2.389,v2.9.7,POWER Daily API,MERRA2;POWER,LST,-999.0,19910101,20240428,2026-08-31T11:26:13.208873+00:00,https://power.larc.nasa.gov/api/temporal/daily/point?parameters=T2M_MAX%2CT2MDEW%2CPRECTOTCORR%2CWS10M&community=SB&longitude=2.389&latitude=48.854&start=19910101&end=20240428&format=JSON
-37.8189,145.1246,v2.9.7,POWER Daily API,MERRA2;POWER,LST,-999.0,19910101,20240528,2026-08-31T11:26:16.671942+00:00,https://power.larc.nasa.gov/api/temporal/daily/point?parameters=T2M_MAX%2CT2MDEW%2CPRECTOTCORR%2CWS10M&community=SB&longitude=145.1246&latitude=-37.8189&start=19910101&end=20240528&format=JSON
-6.2088,106.8456,v2.9.7,POWER Daily API,MERRA2;POWER,LST,-999.0,19910101,20251230,2026-08-31T11:26:38.148623+00:00,https://power.larc.nasa.gov/api/temporal/daily/point?parameters=T2M_MAX%2CT2MDEW%2CPRECTOTCORR%2CWS10M&community=SB&longitude=106.8456&latitude=-6.2088&start=19910101&end=20251230&format=JSON
40.73583,31.60611,v2.9.7,POWER Daily API,MERRA2;POWER,LST,-999.0,19910101,20250128,2026-08-31T11:26:41.474808+00:00,https://power.larc.nasa.gov/api/temporal/daily/point?parameters=T2M_MAX%2CT2MDEW%2CPRECTOTCORR%2CWS10M&community=SB&longitude=31.60611&latitude=40.73583&start=19910101&end=20250128&format=JSON
14.5995,120.9842,v2.9.7,POWER Daily API,MERRA2;POWER,LST,-999.0,19910101,20250129,2026-08-31T11:26:44.935547+00:00,https://power.larc.nasa.gov/api/temporal/daily/point?parameters=T2M_MAX%2CT2MDEW%2CPRECTOTCORR%2CWS10M&community=SB&longitude=120.9842&latitude=14.5995&start=19910101&end=20250129&format=JSON
-34.6037,-58.3816,v2.9.7,POWER Daily API,MERRA2;POWER,LST,-999.0,19910101,20250225,2026-08-31T11:26:48.370136+00:00,https://power.larc.nasa.gov/api/temporal/daily/point?parameters=T2M_MAX%2CT2MDEW%2CPRECTOTCORR%2CWS10M&community=SB&longitude=-58.3816&latitude=-34.6037&start=19910101&end=20250225&format=JSON
24.1477,120.6736,v2.9.7,POWER Daily API,MERRA2;POWER,LST,-999.0,19910101,20250227,2026-08-31T11:27:10.010974+00:00,https://power.larc.nasa.gov/api/temporal/daily/point?parameters=T2M_MAX%2CT2MDEW%2CPRECTOTCORR%2CWS10M&community=SB&longitude=120.6736&latitude=24.1477&start=19910101&end=20250227&format=JSON
43.6532,-79.3832,v2.9.7,POWER Daily API,GEOSIT;MERRA2;POWER,LST,-999.0,19910101,20260826,2026-08-31T11:27:13.439387+00:00,https://power.larc.nasa.gov/api/temporal/daily/point?parameters=T2M_MAX%2CT2MDEW%2CPRECTOTCORR%2CWS10M&community=SB&longitude=-79.3832&latitude=43.6532&start=19910101&end=20260826&format=JSON
49.2488,-122.9805,v2.9.7,POWER Daily API,MERRA2;POWER,LST,-999.0,19910101,20250327,2026-08-31T11:27:17.008956+00:00,https://power.larc.nasa.gov/api/temporal/daily/point?parameters=T2M_MAX%2CT2MDEW%2CPRECTOTCORR%2CWS10M&community=SB&longitude=-122.9805&latitude=49.2488&start=19910101&end=20250327&format=JSON
49.4521,11.0767,v2.9.7,POWER Daily API,MERRA2;POWER,LST,-999.0,19910101,20250328,2026-08-31T11:27:20.254790+00:00,https://power.larc.nasa.gov/api/temporal/daily/point?parameters=T2M_MAX%2CT2MDEW%2CPRECTOTCORR%2CWS10M&community=SB&longitude=11.0767&latitude=49.4521&start=19910101&end=20250328&format=JSON
51.5074,-0.1278,v2.9.7,POWER Daily API,MERRA2;POWER,LST,-999.0,19910101,20260628,2026-08-31T11:27:41.485788+00:00,https://power.larc.nasa.gov/api/temporal/daily/point?parameters=T2M_MAX%2CT2MDEW%2CPRECTOTCORR%2CWS10M&community=SB&longitude=-0.1278&latitude=51.5074&start=19910101&end=20260628&format=JSON
43.7315,-79.7624,v2.9.7,POWER Daily API,MERRA2;POWER,LST,-999.0,19910101,20250531,2026-08-31T11:27:44.875160+00:00,https://power.larc.nasa.gov/api/temporal/daily/point?parameters=T2M_MAX%2CT2MDEW%2CPRECTOTCORR%2CWS10M&community=SB&longitude=-79.7624&latitude=43.7315&start=19910101&end=20250531&format=JSON
51.4545,-2.5879,v2.9.7,POWER Daily API,MERRA2;POWER,LST,-999.0,19910101,20250527,2026-08-31T11:27:48.298356+00:00,https://power.larc.nasa.gov/api/temporal/daily/point?parameters=T2M_MAX%2CT2MDEW%2CPRECTOTCORR%2CWS10M&community=SB&longitude=-2.5879&latitude=51.4545&start=19910101&end=20250527&format=JSON
-36.8485,174.7633,v2.9.7,POWER Daily API,MERRA2;POWER,LST,-999.0,19910101,20260529,2026-08-31T11:27:51.788274+00:00,https://power.larc.nasa.gov/api/temporal/daily/point?parameters=T2M_MAX%2CT2MDEW%2CPRECTOTCORR%2CWS10M&community=SB&longitude=174.7633&latitude=-36.8485&start=19910101&end=20260529&format=JSON
49.2583,4.0317,v2.9.7,POWER Daily API,MERRA2;POWER,LST,-999.0,19910101,20250627,2026-08-31T11:28:09.311966+00:00,https://power.larc.nasa.gov/api/temporal/daily/point?parameters=T2M_MAX%2CT2MDEW%2CPRECTOTCORR%2CWS10M&community=SB&longitude=4.0317&latitude=49.2583&start=19910101&end=20250627&format=JSON
30.0626,31.2461,v2.9.7,POWER Daily API,MERRA2;POWER,LST,-999.0,19910101,20250728,2026-08-31T11:28:12.966849+00:00,https://power.larc.nasa.gov/api/temporal/daily/point?parameters=T2M_MAX%2CT2MDEW%2CPRECTOTCORR%2CWS10M&community=SB&longitude=31.2461&latitude=30.0626&start=19910101&end=20250728&format=JSON
-33.4489,-70.6693,v2.9.7,POWER Daily API,MERRA2;POWER,LST,-999.0,19910101,20250731,2026-08-31T11:28:16.467718+00:00,https://power.larc.nasa.gov/api/temporal/daily/point?parameters=T2M_MAX%2CT2MDEW%2CPRECTOTCORR%2CWS10M&community=SB&longitude=-70.6693&latitude=-33.4489&start=19910101&end=20250731&format=JSON
39.9334,32.8597,v2.9.7,POWER Daily API,MERRA2;POWER,LST,-999.0,19910101,20250726,2026-08-31T11:28:19.746823+00:00,https://power.larc.nasa.gov/api/temporal/daily/point?parameters=T2M_MAX%2CT2MDEW%2CPRECTOTCORR%2CWS10M&community=SB&longitude=32.8597&latitude=39.9334&start=19910101&end=20250726&format=JSON
37.5665,126.978,v2.9.7,POWER Daily API,MERRA2;POWER,LST,-999.0,19910101,20260224,2026-08-31T11:28:41.171499+00:00,https://power.larc.nasa.gov/api/temporal/daily/point?parameters=T2M_MAX%2CT2MDEW%2CPRECTOTCORR%2CWS10M&community=SB&longitude=126.978&latitude=37.5665&start=19910101&end=20260224&format=JSON
19.076,72.8777,v2.9.7,POWER Daily API,MERRA2;POWER,LST,-999.0,19910101,20260223,2026-08-31T11:28:44.643303+00:00,https://power.larc.nasa.gov/api/temporal/daily/point?parameters=T2M_MAX%2CT2MDEW%2CPRECTOTCORR%2CWS10M&community=SB&longitude=72.8777&latitude=19.076&start=19910101&end=20260223&format=JSON
6.4494,3.397,v2.9.7,POWER Daily API,MERRA2;POWER,LST,-999.0,19910101,20250930,2026-08-31T11:28:48.134807+00:00,https://power.larc.nasa.gov/api/temporal/daily/point?parameters=T2M_MAX%2CT2MDEW%2CPRECTOTCORR%2CWS10M&community=SB&longitude=3.397&latitude=6.4494&start=19910101&end=20250930&format=JSON
47.39484,0.70398,v2.9.7,POWER Daily API,MERRA2;POWER,LST,-999.0,19910101,20251031,2026-08-31T11:28:51.427572+00:00,https://power.larc.nasa.gov/api/temporal/daily/point?parameters=T2M_MAX%2CT2MDEW%2CPRECTOTCORR%2CWS10M&community=SB&longitude=0.70398&latitude=47.39484&start=19910101&end=20251031&format=JSON
35.0456,-85.3097,v2.9.7,POWER Daily API,MERRA2;POWER,LST,-999.0,19910101,20251025,2026-08-31T11:29:13.045007+00:00,https://power.larc.nasa.gov/api/temporal/daily/point?parameters=T2M_MAX%2CT2MDEW%2CPRECTOTCORR%2CWS10M&community=SB&longitude=-85.3097&latitude=35.0456&start=19910101&end=20251025&format=JSON
55.8708,12.8302,v2.9.7,POWER Daily API,MERRA2;POWER,LST,-999.0,19910101,20251027,2026-08-31T11:29:16.542420+00:00,https://power.larc.nasa.gov/api/temporal/daily/point?parameters=T2M_MAX%2CT2MDEW%2CPRECTOTCORR%2CWS10M&community=SB&longitude=12.8302&latitude=55.8708&start=19910101&end=20251027&format=JSON
22.28299,114.15846,v2.9.7,POWER Daily API,MERRA2;POWER,LST,-999.0,19910101,20251025,2026-08-31T11:29:20.045793+00:00,https://power.larc.nasa.gov/api/temporal/daily/point?parameters=T2M_MAX%2CT2MDEW%2CPRECTOTCORR%2CWS10M&community=SB&longitude=114.15846&latitude=22.28299&start=19910101&end=20251025&format=JSON
26.0112,-80.1495,v2.9.7,POWER Daily API,MERRA2;POWER,LST,-999.0,19910101,20251028,2026-08-31T11:29:23.760702+00:00,https://power.larc.nasa.gov/api/temporal/daily/point?parameters=T2M_MAX%2CT2MDEW%2CPRECTOTCORR%2CWS10M&community=SB&longitude=-80.1495&latitude=26.0112&start=19910101&end=20251028&format=JSON
44.53842,18.66709,v2.9.7,POWER Daily API,MERRA2;POWER,LST,-999.0,19910101,20251125,2026-08-31T11:29:41.153537+00:00,https://power.larc.nasa.gov/api/temporal/daily/point?parameters=T2M_MAX%2CT2MDEW%2CPRECTOTCORR%2CWS10M&community=SB&longitude=18.66709&latitude=44.53842&start=19910101&end=20251125&format=JSON
-23.5505,-46.6333,v2.9.7,POWER Daily API,MERRA2;POWER,LST,-999.0,19910101,20251125,2026-08-31T11:29:44.620190+00:00,https://power.larc.nasa.gov/api/temporal/daily/point?parameters=T2M_MAX%2CT2MDEW%2CPRECTOTCORR%2CWS10M&community=SB&longitude=-46.6333&latitude=-23.5505&start=19910101&end=20251125&format=JSON
45.7997,15.9614,v2.9.7,POWER Daily API,MERRA2;POWER,LST,-999.0,19910101,20251124,2026-08-31T11:29:48.021229+00:00,https://power.larc.nasa.gov/api/temporal/daily/point?parameters=T2M_MAX%2CT2MDEW%2CPRECTOTCORR%2CWS10M&community=SB&longitude=15.9614&latitude=45.7997&start=19910101&end=20251124&format=JSON
22.44695,114.17545,v2.9.7,POWER Daily API,MERRA2;POWER,LST,-999.0,19910101,20251126,2026-08-31T11:29:51.299046+00:00,https://power.larc.nasa.gov/api/temporal/daily/point?parameters=T2M_MAX%2CT2MDEW%2CPRECTOTCORR%2CWS10M&community=SB&longitude=114.17545&latitude=22.44695&start=19910101&end=20251126&format=JSON
43.7045,-79.349,v2.9.7,POWER Daily API,MERRA2;POWER,LST,-999.0,19910101,20251127,2026-08-31T11:30:08.418390+00:00,https://power.larc.nasa.gov/api/temporal/daily/point?parameters=T2M_MAX%2CT2MDEW%2CPRECTOTCORR%2CWS10M&community=SB&longitude=-79.349&latitude=43.7045&start=19910101&end=20251127&format=JSON
23.3541,116.682,v2.9.7,POWER Daily API,MERRA2;POWER,LST,-999.0,19910101,20251230,2026-08-31T11:30:11.332131+00:00,https://power.larc.nasa.gov/api/temporal/daily/point?parameters=T2M_MAX%2CT2MDEW%2CPRECTOTCORR%2CWS10M&community=SB&longitude=116.682&latitude=23.3541&start=19910101&end=20251230&format=JSON
3.139,101.6869,v2.9.7,POWER Daily API,MERRA2;POWER,LST,-999.0,19910101,20251231,2026-08-31T11:30:14.598689+00:00,https://power.larc.nasa.gov/api/temporal/daily/point?parameters=T2M_MAX%2CT2MDEW%2CPRECTOTCORR%2CWS10M&community=SB&longitude=101.6869&latitude=3.139&start=19910101&end=20251231&format=JSON
49.8951,-97.1384,v2.9.7,POWER Daily API,GEOSIT;MERRA2;POWER,LST,-999.0,19910101,20260830,2026-08-31T11:30:17.803853+00:00,https://power.larc.nasa.gov/api/temporal/daily/point?parameters=T2M_MAX%2CT2MDEW%2CPRECTOTCORR%2CWS10M&community=SB&longitude=-97.1384&latitude=49.8951&start=19910101&end=20260830&format=JSON
48.1351,11.582,v2.9.7,POWER Daily API,MERRA2;POWER,LST,-999.0,19910101,20260130,2026-08-31T11:30:38.735772+00:00,https://power.larc.nasa.gov/api/temporal/daily/point?parameters=T2M_MAX%2CT2MDEW%2CPRECTOTCORR%2CWS10M&community=SB&longitude=11.582&latitude=48.1351&start=19910101&end=20260130&format=JSON
4.711,-74.0721,v2.9.7,POWER Daily API,MERRA2;POWER,LST,-999.0,19910101,20260131,2026-08-31T11:30:41.611646+00:00,https://power.larc.nasa.gov/api/temporal/daily/point?parameters=T2M_MAX%2CT2MDEW%2CPRECTOTCORR%2CWS10M&community=SB&longitude=-74.0721&latitude=4.711&start=19910101&end=20260131&format=JSON
24.8607,67.0011,v2.9.7,POWER Daily API,MERRA2;POWER,LST,-999.0,19910101,20260131,2026-08-31T11:30:44.701481+00:00,https://power.larc.nasa.gov/api/temporal/daily/point?parameters=T2M_MAX%2CT2MDEW%2CPRECTOTCORR%2CWS10M&community=SB&longitude=67.0011&latitude=24.8607&start=19910101&end=20260131&format=JSON
40.7128,-74.006,v2.9.7,POWER Daily API,MERRA2;POWER,LST,-999.0,19910101,20260731,2026-08-31T11:30:47.791429+00:00,https://power.larc.nasa.gov/api/temporal/daily/point?parameters=T2M_MAX%2CT2MDEW%2CPRECTOTCORR%2CWS10M&community=SB&longitude=-74.006&latitude=40.7128&start=19910101&end=20260731&format=JSON
12.2388,109.1967,v2.9.7,POWER Daily API,MERRA2;POWER,LST,-999.0,19910101,20260226,2026-08-31T11:31:08.953877+00:00,https://power.larc.nasa.gov/api/temporal/daily/point?parameters=T2M_MAX%2CT2MDEW%2CPRECTOTCORR%2CWS10M&community=SB&longitude=109.1967&latitude=12.2388&start=19910101&end=20260226&format=JSON
26.22787,50.58565,v2.9.7,POWER Daily API,MERRA2;POWER,LST,-999.0,19910101,20260228,2026-08-31T11:31:12.010215+00:00,https://power.larc.nasa.gov/api/temporal/daily/point?parameters=T2M_MAX%2CT2MDEW%2CPRECTOTCORR%2CWS10M&community=SB&longitude=50.58565&latitude=26.22787&start=19910101&end=20260228&format=JSON
43.0481,-76.1474,v2.9.7,POWER Daily API,MERRA2;POWER,LST,-999.0,19910101,20260228,2026-08-31T11:31:15.202993+00:00,https://power.larc.nasa.gov/api/temporal/daily/point?parameters=T2M_MAX%2CT2MDEW%2CPRECTOTCORR%2CWS10M&community=SB&longitude=-76.1474&latitude=43.0481&start=19910101&end=20260228&format=JSON
29.367,47.97429,v2.9.7,POWER Daily API,MERRA2;POWER,LST,-999.0,19910101,20260329,2026-08-31T11:31:18.251592+00:00,https://power.larc.nasa.gov/api/temporal/daily/point?parameters=T2M_MAX%2CT2MDEW%2CPRECTOTCORR%2CWS10M&community=SB&longitude=47.97429&latitude=29.367&start=19910101&end=20260329&format=JSON
45.4215,-75.6972,v2.9.7,POWER Daily API,MERRA2;POWER,LST,-999.0,19910101,20260328,2026-08-31T11:31:39.399631+00:00,https://power.larc.nasa.gov/api/temporal/daily/point?parameters=T2M_MAX%2CT2MDEW%2CPRECTOTCORR%2CWS10M&community=SB&longitude=-75.6972&latitude=45.4215&start=19910101&end=20260328&format=JSON
40.7534,-73.9797,v2.9.7,POWER Daily API,MERRA2;POWER,LST,-999.0,19910101,20260331,2026-08-31T11:31:42.299038+00:00,https://power.larc.nasa.gov/api/temporal/daily/point?parameters=T2M_MAX%2CT2MDEW%2CPRECTOTCORR%2CWS10M&community=SB&longitude=-73.9797&latitude=40.7534&start=19910101&end=20260331&format=JSON
28.6139,77.209,v2.9.7,POWER Daily API,MERRA2;POWER,LST,-999.0,19910101,20260531,2026-08-31T11:31:45.545169+00:00,https://power.larc.nasa.gov/api/temporal/daily/point?parameters=T2M_MAX%2CT2MDEW%2CPRECTOTCORR%2CWS10M&community=SB&longitude=77.209&latitude=28.6139&start=19910101&end=20260531&format=JSON
37.8706,112.5489,v2.9.7,POWER Daily API,MERRA2;POWER,LST,-999.0,19910101,20260328,2026-08-31T11:31:48.562353+00:00,https://power.larc.nasa.gov/api/temporal/daily/point?parameters=T2M_MAX%2CT2MDEW%2CPRECTOTCORR%2CWS10M&community=SB&longitude=112.5489&latitude=37.8706&start=19910101&end=20260328&format=JSON
40.4412,-79.88199,v2.9.7,POWER Daily API,MERRA2;POWER,LST,-999.0,19910101,20260330,2026-08-31T11:32:09.618262+00:00,https://power.larc.nasa.gov/api/temporal/daily/point?parameters=T2M_MAX%2CT2MDEW%2CPRECTOTCORR%2CWS10M&community=SB&longitude=-79.88199&latitude=40.4412&start=19910101&end=20260330&format=JSON
48.7758,9.1829,v2.9.7,POWER Daily API,MERRA2;POWER,LST,-999.0,19910101,20260424,2026-08-31T11:32:12.626820+00:00,https://power.larc.nasa.gov/api/temporal/daily/point?parameters=T2M_MAX%2CT2MDEW%2CPRECTOTCORR%2CWS10M&community=SB&longitude=9.1829&latitude=48.7758&start=19910101&end=20260424&format=JSON
51.5413,9.9158,v2.9.7,POWER Daily API,GEOSIT;MERRA2;POWER,LST,-999.0,19910101,20260831,2026-08-31T11:32:15.761952+00:00,https://power.larc.nasa.gov/api/temporal/daily/point?parameters=T2M_MAX%2CT2MDEW%2CPRECTOTCORR%2CWS10M&community=SB&longitude=9.9158&latitude=51.5413&start=19910101&end=20260831&format=JSON
37.3449,126.9683,v2.9.7,POWER Daily API,MERRA2;POWER,LST,-999.0,19910101,20260430,2026-08-31T11:32:19.032151+00:00,https://power.larc.nasa.gov/api/temporal/daily/point?parameters=T2M_MAX%2CT2MDEW%2CPRECTOTCORR%2CWS10M&community=SB&longitude=126.9683&latitude=37.3449&start=19910101&end=20260430&format=JSON
51.0447,-114.0719,v2.9.7,POWER Daily API,MERRA2;POWER,LST,-999.0,19910101,20260529,2026-08-31T11:32:40.177661+00:00,https://power.larc.nasa.gov/api/temporal/daily/point?parameters=T2M_MAX%2CT2MDEW%2CPRECTOTCORR%2CWS10M&community=SB&longitude=-114.0719&latitude=51.0447&start=19910101&end=20260529&format=JSON
21.3867,-158.0092,v2.9.7,POWER Daily API,MERRA2;POWER,LST,-999.0,19910101,20260629,2026-08-31T11:32:43.204027+00:00,https://power.larc.nasa.gov/api/temporal/daily/point?parameters=T2M_MAX%2CT2MDEW%2CPRECTOTCORR%2CWS10M&community=SB&longitude=-158.0092&latitude=21.3867&start=19910101&end=20260629&format=JSON
14.676,121.0437,v2.9.7,POWER Daily API,MERRA2;POWER,LST,-999.0,19910101,20260625,2026-08-31T11:32:46.321755+00:00,https://power.larc.nasa.gov/api/temporal/daily/point?parameters=T2M_MAX%2CT2MDEW%2CPRECTOTCORR%2CWS10M&community=SB&longitude=121.0437&latitude=14.676&start=19910101&end=20260625&format=JSON
41.8781,-87.6298,v2.9.7,POWER Daily API,MERRA2;POWER,LST,-999.0,19910101,20260626,2026-08-31T11:32:49.393063+00:00,https://power.larc.nasa.gov/api/temporal/daily/point?parameters=T2M_MAX%2CT2MDEW%2CPRECTOTCORR%2CWS10M&community=SB&longitude=-87.6298&latitude=41.8781&start=19910101&end=20260626&format=JSON
51.2194,4.4025,v2.9.7,POWER Daily API,MERRA2;POWER,LST,-999.0,19910101,20260729,2026-08-31T11:33:10.284245+00:00,https://power.larc.nasa.gov/api/temporal/daily/point?parameters=T2M_MAX%2CT2MDEW%2CPRECTOTCORR%2CWS10M&community=SB&longitude=4.4025&latitude=51.2194&start=19910101&end=20260729&format=JSON
50.8503,4.3517,v2.9.7,POWER Daily API,MERRA2;POWER,LST,-999.0,19910101,20260728,2026-08-31T11:33:13.189171+00:00,https://power.larc.nasa.gov/api/temporal/daily/point?parameters=T2M_MAX%2CT2MDEW%2CPRECTOTCORR%2CWS10M&community=SB&longitude=4.3517&latitude=50.8503&start=19910101&end=20260728&format=JSON
-17.8252,31.0335,v2.9.7,POWER Daily API,MERRA2;POWER,LST,-999.0,19910101,20260730,2026-08-31T11:33:16.501403+00:00,https://power.larc.nasa.gov/api/temporal/daily/point?parameters=T2M_MAX%2CT2MDEW%2CPRECTOTCORR%2CWS10M&community=SB&longitude=31.0335&latitude=-17.8252&start=19910101&end=20260730&format=JSON
42.3601,-71.0589,v2.9.7,POWER Daily API,MERRA2;POWER,LST,-999.0,19910101,20260731,2026-08-31T11:33:19.813632+00:00,https://power.larc.nasa.gov/api/temporal/daily/point?parameters=T2M_MAX%2CT2MDEW%2CPRECTOTCORR%2CWS10M&community=SB&longitude=-71.0589&latitude=42.3601&start=19910101&end=20260731&format=JSON
-33.9249,18.4241,v2.9.7,POWER Daily API,MERRA2;POWER,LST,-999.0,19910101,20260730,2026-08-31T11:33:40.936628+00:00,https://power.larc.nasa.gov/api/temporal/daily/point?parameters=T2M_MAX%2CT2MDEW%2CPRECTOTCORR%2CWS10M&community=SB&longitude=18.4241&latitude=-33.9249&start=19910101&end=20260730&format=JSON
52.52,13.405,v2.9.7,POWER Daily API,GEOSIT;MERRA2;POWER,LST,-999.0,19910101,20260828,2026-08-31T11:33:44.048405+00:00,https://power.larc.nasa.gov/api/temporal/daily/point?parameters=T2M_MAX%2CT2MDEW%2CPRECTOTCORR%2CWS10M&community=SB&longitude=13.405&latitude=52.52&start=19910101&end=20260828&format=JSON
38.8816,-77.091,v2.9.7,POWER Daily API,GEOSIT;MERRA2;POWER,LST,-999.0,19910101,20260830,2026-08-31T11:33:47.069659+00:00,https://power.larc.nasa.gov/api/temporal/daily/point?parameters=T2M_MAX%2CT2MDEW%2CPRECTOTCORR%2CWS10M&community=SB&longitude=-77.091&latitude=38.8816&start=19910101&end=20260830&format=JSON
