outcome,event_share,consequence_share,gini,n_numeric,total_reported
Deaths,0.0,0.0,0.8892267706302794,225,1026.0
Deaths,0.0044444444444444444,0.0,0.8892267706302794,225,1026.0
Deaths,0.008888888888888889,0.0,0.8892267706302794,225,1026.0
Deaths,0.013333333333333334,0.0,0.8892267706302794,225,1026.0
Deaths,0.017777777777777778,0.0,0.8892267706302794,225,1026.0
Deaths,0.022222222222222223,0.0,0.8892267706302794,225,1026.0
Deaths,0.02666666666666667,0.0,0.8892267706302794,225,1026.0
Deaths,0.03111111111111111,0.0,0.8892267706302794,225,1026.0
Deaths,0.035555555555555556,0.0,0.8892267706302794,225,1026.0
Deaths,0.04,0.0,0.8892267706302794,225,1026.0
Deaths,0.044444444444444446,0.0,0.8892267706302794,225,1026.0
Deaths,0.04888888888888889,0.0,0.8892267706302794,225,1026.0
Deaths,0.05333333333333334,0.0,0.8892267706302794,225,1026.0
Deaths,0.057777777777777775,0.0,0.8892267706302794,225,1026.0
Deaths,0.06222222222222222,0.0,0.8892267706302794,225,1026.0
Deaths,0.06666666666666667,0.0,0.8892267706302794,225,1026.0
Deaths,0.07111111111111111,0.0,0.8892267706302794,225,1026.0
Deaths,0.07555555555555556,0.0,0.8892267706302794,225,1026.0
Deaths,0.08,0.0,0.8892267706302794,225,1026.0
Deaths,0.08444444444444445,0.0,0.8892267706302794,225,1026.0
Deaths,0.08888888888888889,0.0,0.8892267706302794,225,1026.0
Deaths,0.09333333333333334,0.0,0.8892267706302794,225,1026.0
Deaths,0.09777777777777778,0.0,0.8892267706302794,225,1026.0
Deaths,0.10222222222222223,0.0,0.8892267706302794,225,1026.0
Deaths,0.10666666666666667,0.0,0.8892267706302794,225,1026.0
Deaths,0.1111111111111111,0.0,0.8892267706302794,225,1026.0
Deaths,0.11555555555555555,0.0,0.8892267706302794,225,1026.0
Deaths,0.12,0.0,0.8892267706302794,225,1026.0
Deaths,0.12444444444444444,0.0,0.8892267706302794,225,1026.0
Deaths,0.1288888888888889,0.0,0.8892267706302794,225,1026.0
Deaths,0.13333333333333333,0.0,0.8892267706302794,225,1026.0
Deaths,0.13777777777777778,0.0,0.8892267706302794,225,1026.0
Deaths,0.14222222222222222,0.0,0.8892267706302794,225,1026.0
Deaths,0.14666666666666667,0.0,0.8892267706302794,225,1026.0
Deaths,0.1511111111111111,0.0,0.8892267706302794,225,1026.0
Deaths,0.15555555555555556,0.0,0.8892267706302794,225,1026.0
Deaths,0.16,0.0,0.8892267706302794,225,1026.0
Deaths,0.16444444444444445,0.0,0.8892267706302794,225,1026.0
Deaths,0.1688888888888889,0.0,0.8892267706302794,225,1026.0
Deaths,0.17333333333333334,0.0,0.8892267706302794,225,1026.0
Deaths,0.17777777777777778,0.0,0.8892267706302794,225,1026.0
Deaths,0.18222222222222223,0.0,0.8892267706302794,225,1026.0
Deaths,0.18666666666666668,0.0,0.8892267706302794,225,1026.0
Deaths,0.19111111111111112,0.0,0.8892267706302794,225,1026.0
Deaths,0.19555555555555557,0.0,0.8892267706302794,225,1026.0
Deaths,0.2,0.0,0.8892267706302794,225,1026.0
Deaths,0.20444444444444446,0.0,0.8892267706302794,225,1026.0
Deaths,0.2088888888888889,0.0,0.8892267706302794,225,1026.0
Deaths,0.21333333333333335,0.0,0.8892267706302794,225,1026.0
Deaths,0.21777777777777776,0.0,0.8892267706302794,225,1026.0
Deaths,0.2222222222222222,0.0,0.8892267706302794,225,1026.0
Deaths,0.22666666666666666,0.0,0.8892267706302794,225,1026.0
Deaths,0.2311111111111111,0.0,0.8892267706302794,225,1026.0
Deaths,0.23555555555555555,0.0,0.8892267706302794,225,1026.0
Deaths,0.24,0.0,0.8892267706302794,225,1026.0
Deaths,0.24444444444444444,0.0,0.8892267706302794,225,1026.0
Deaths,0.24888888888888888,0.0,0.8892267706302794,225,1026.0
Deaths,0.25333333333333335,0.0,0.8892267706302794,225,1026.0
Deaths,0.2577777777777778,0.0,0.8892267706302794,225,1026.0
Deaths,0.26222222222222225,0.0,0.8892267706302794,225,1026.0
Deaths,0.26666666666666666,0.0,0.8892267706302794,225,1026.0
Deaths,0.27111111111111114,0.0,0.8892267706302794,225,1026.0
Deaths,0.27555555555555555,0.0,0.8892267706302794,225,1026.0
Deaths,0.28,0.0,0.8892267706302794,225,1026.0
Deaths,0.28444444444444444,0.0,0.8892267706302794,225,1026.0
Deaths,0.28888888888888886,0.0,0.8892267706302794,225,1026.0
Deaths,0.29333333333333333,0.0,0.8892267706302794,225,1026.0
Deaths,0.29777777777777775,0.0,0.8892267706302794,225,1026.0
Deaths,0.3022222222222222,0.0,0.8892267706302794,225,1026.0
Deaths,0.30666666666666664,0.0,0.8892267706302794,225,1026.0
Deaths,0.3111111111111111,0.0,0.8892267706302794,225,1026.0
Deaths,0.31555555555555553,0.0,0.8892267706302794,225,1026.0
Deaths,0.32,0.0,0.8892267706302794,225,1026.0
Deaths,0.3244444444444444,0.0,0.8892267706302794,225,1026.0
Deaths,0.3288888888888889,0.0,0.8892267706302794,225,1026.0
Deaths,0.3333333333333333,0.0,0.8892267706302794,225,1026.0
Deaths,0.3377777777777778,0.0,0.8892267706302794,225,1026.0
Deaths,0.3422222222222222,0.0,0.8892267706302794,225,1026.0
Deaths,0.3466666666666667,0.0,0.8892267706302794,225,1026.0
Deaths,0.3511111111111111,0.0,0.8892267706302794,225,1026.0
Deaths,0.35555555555555557,0.0,0.8892267706302794,225,1026.0
Deaths,0.36,0.0,0.8892267706302794,225,1026.0
Deaths,0.36444444444444446,0.0,0.8892267706302794,225,1026.0
Deaths,0.3688888888888889,0.0,0.8892267706302794,225,1026.0
Deaths,0.37333333333333335,0.0,0.8892267706302794,225,1026.0
Deaths,0.37777777777777777,0.0,0.8892267706302794,225,1026.0
Deaths,0.38222222222222224,0.0,0.8892267706302794,225,1026.0
Deaths,0.38666666666666666,0.0,0.8892267706302794,225,1026.0
Deaths,0.39111111111111113,0.0,0.8892267706302794,225,1026.0
Deaths,0.39555555555555555,0.0,0.8892267706302794,225,1026.0
Deaths,0.4,0.0,0.8892267706302794,225,1026.0
Deaths,0.40444444444444444,0.0,0.8892267706302794,225,1026.0
Deaths,0.4088888888888889,0.0,0.8892267706302794,225,1026.0
Deaths,0.41333333333333333,0.0,0.8892267706302794,225,1026.0
Deaths,0.4177777777777778,0.0,0.8892267706302794,225,1026.0
Deaths,0.4222222222222222,0.0,0.8892267706302794,225,1026.0
Deaths,0.4266666666666667,0.0,0.8892267706302794,225,1026.0
Deaths,0.4311111111111111,0.0,0.8892267706302794,225,1026.0
Deaths,0.43555555555555553,0.0,0.8892267706302794,225,1026.0
Deaths,0.44,0.0,0.8892267706302794,225,1026.0
Deaths,0.4444444444444444,0.0,0.8892267706302794,225,1026.0
Deaths,0.4488888888888889,0.0,0.8892267706302794,225,1026.0
Deaths,0.4533333333333333,0.0,0.8892267706302794,225,1026.0
Deaths,0.4577777777777778,0.0,0.8892267706302794,225,1026.0
Deaths,0.4622222222222222,0.0,0.8892267706302794,225,1026.0
Deaths,0.4666666666666667,0.0,0.8892267706302794,225,1026.0
Deaths,0.4711111111111111,0.0,0.8892267706302794,225,1026.0
Deaths,0.47555555555555556,0.0,0.8892267706302794,225,1026.0
Deaths,0.48,0.0,0.8892267706302794,225,1026.0
Deaths,0.48444444444444446,0.0,0.8892267706302794,225,1026.0
Deaths,0.4888888888888889,0.0,0.8892267706302794,225,1026.0
Deaths,0.49333333333333335,0.0,0.8892267706302794,225,1026.0
Deaths,0.49777777777777776,0.0,0.8892267706302794,225,1026.0
Deaths,0.5022222222222222,0.0,0.8892267706302794,225,1026.0
Deaths,0.5066666666666667,0.0,0.8892267706302794,225,1026.0
Deaths,0.5111111111111111,0.0,0.8892267706302794,225,1026.0
Deaths,0.5155555555555555,0.0,0.8892267706302794,225,1026.0
Deaths,0.52,0.0,0.8892267706302794,225,1026.0
Deaths,0.5244444444444445,0.0,0.8892267706302794,225,1026.0
Deaths,0.5288888888888889,0.0,0.8892267706302794,225,1026.0
Deaths,0.5333333333333333,0.0,0.8892267706302794,225,1026.0
Deaths,0.5377777777777778,0.0,0.8892267706302794,225,1026.0
Deaths,0.5422222222222223,0.0,0.8892267706302794,225,1026.0
Deaths,0.5466666666666666,0.0,0.8892267706302794,225,1026.0
Deaths,0.5511111111111111,0.0,0.8892267706302794,225,1026.0
Deaths,0.5555555555555556,0.0,0.8892267706302794,225,1026.0
Deaths,0.56,0.0,0.8892267706302794,225,1026.0
Deaths,0.5644444444444444,0.0,0.8892267706302794,225,1026.0
Deaths,0.5688888888888889,0.0,0.8892267706302794,225,1026.0
Deaths,0.5733333333333334,0.0,0.8892267706302794,225,1026.0
Deaths,0.5777777777777777,0.0,0.8892267706302794,225,1026.0
Deaths,0.5822222222222222,0.0,0.8892267706302794,225,1026.0
Deaths,0.5866666666666667,0.0,0.8892267706302794,225,1026.0
Deaths,0.5911111111111111,0.0,0.8892267706302794,225,1026.0
Deaths,0.5955555555555555,0.0,0.8892267706302794,225,1026.0
Deaths,0.6,0.0,0.8892267706302794,225,1026.0
Deaths,0.6044444444444445,0.0,0.8892267706302794,225,1026.0
Deaths,0.6088888888888889,0.0,0.8892267706302794,225,1026.0
Deaths,0.6133333333333333,0.0,0.8892267706302794,225,1026.0
Deaths,0.6177777777777778,0.0,0.8892267706302794,225,1026.0
Deaths,0.6222222222222222,0.0,0.8892267706302794,225,1026.0
Deaths,0.6266666666666667,0.0,0.8892267706302794,225,1026.0
Deaths,0.6311111111111111,0.0009746588693957114,0.8892267706302794,225,1026.0
Deaths,0.6355555555555555,0.001949317738791423,0.8892267706302794,225,1026.0
Deaths,0.64,0.0029239766081871343,0.8892267706302794,225,1026.0
Deaths,0.6444444444444445,0.003898635477582846,0.8892267706302794,225,1026.0
Deaths,0.6488888888888888,0.004873294346978557,0.8892267706302794,225,1026.0
Deaths,0.6533333333333333,0.005847953216374269,0.8892267706302794,225,1026.0
Deaths,0.6577777777777778,0.00682261208576998,0.8892267706302794,225,1026.0
Deaths,0.6622222222222223,0.007797270955165692,0.8892267706302794,225,1026.0
Deaths,0.6666666666666666,0.008771929824561403,0.8892267706302794,225,1026.0
Deaths,0.6711111111111111,0.009746588693957114,0.8892267706302794,225,1026.0
Deaths,0.6755555555555556,0.010721247563352826,0.8892267706302794,225,1026.0
Deaths,0.68,0.011695906432748537,0.8892267706302794,225,1026.0
Deaths,0.6844444444444444,0.012670565302144249,0.8892267706302794,225,1026.0
Deaths,0.6888888888888889,0.01364522417153996,0.8892267706302794,225,1026.0
Deaths,0.6933333333333334,0.014619883040935672,0.8892267706302794,225,1026.0
Deaths,0.6977777777777778,0.015594541910331383,0.8892267706302794,225,1026.0
Deaths,0.7022222222222222,0.016569200779727095,0.8892267706302794,225,1026.0
Deaths,0.7066666666666667,0.017543859649122806,0.8892267706302794,225,1026.0
Deaths,0.7111111111111111,0.018518518518518517,0.8892267706302794,225,1026.0
Deaths,0.7155555555555555,0.01949317738791423,0.8892267706302794,225,1026.0
Deaths,0.72,0.02046783625730994,0.8892267706302794,225,1026.0
Deaths,0.7244444444444444,0.021442495126705652,0.8892267706302794,225,1026.0
Deaths,0.7288888888888889,0.022417153996101363,0.8892267706302794,225,1026.0
Deaths,0.7333333333333333,0.023391812865497075,0.8892267706302794,225,1026.0
Deaths,0.7377777777777778,0.024366471734892786,0.8892267706302794,225,1026.0
Deaths,0.7422222222222222,0.02631578947368421,0.8892267706302794,225,1026.0
Deaths,0.7466666666666667,0.028265107212475632,0.8892267706302794,225,1026.0
Deaths,0.7511111111111111,0.030214424951267055,0.8892267706302794,225,1026.0
Deaths,0.7555555555555555,0.03216374269005848,0.8892267706302794,225,1026.0
Deaths,0.76,0.0341130604288499,0.8892267706302794,225,1026.0
Deaths,0.7644444444444445,0.036062378167641324,0.8892267706302794,225,1026.0
Deaths,0.7688888888888888,0.038011695906432746,0.8892267706302794,225,1026.0
Deaths,0.7733333333333333,0.03996101364522417,0.8892267706302794,225,1026.0
Deaths,0.7777777777777778,0.042884990253411304,0.8892267706302794,225,1026.0
Deaths,0.7822222222222223,0.04580896686159844,0.8892267706302794,225,1026.0
Deaths,0.7866666666666666,0.04873294346978557,0.8892267706302794,225,1026.0
Deaths,0.7911111111111111,0.05165692007797271,0.8892267706302794,225,1026.0
Deaths,0.7955555555555556,0.05458089668615984,0.8892267706302794,225,1026.0
Deaths,0.8,0.057504873294346975,0.8892267706302794,225,1026.0
Deaths,0.8044444444444444,0.06042884990253411,0.8892267706302794,225,1026.0
Deaths,0.8088888888888889,0.06335282651072124,0.8892267706302794,225,1026.0
Deaths,0.8133333333333334,0.06725146198830409,0.8892267706302794,225,1026.0
Deaths,0.8177777777777778,0.07115009746588694,0.8892267706302794,225,1026.0
Deaths,0.8222222222222222,0.07504873294346978,0.8892267706302794,225,1026.0
Deaths,0.8266666666666667,0.07894736842105263,0.8892267706302794,225,1026.0
Deaths,0.8311111111111111,0.08284600389863547,0.8892267706302794,225,1026.0
Deaths,0.8355555555555556,0.08771929824561403,0.8892267706302794,225,1026.0
Deaths,0.84,0.09259259259259259,0.8892267706302794,225,1026.0
Deaths,0.8444444444444444,0.09746588693957114,0.8892267706302794,225,1026.0
Deaths,0.8488888888888889,0.1023391812865497,0.8892267706302794,225,1026.0
Deaths,0.8533333333333334,0.10818713450292397,0.8892267706302794,225,1026.0
Deaths,0.8577777777777778,0.11403508771929824,0.8892267706302794,225,1026.0
Deaths,0.8622222222222222,0.11988304093567251,0.8892267706302794,225,1026.0
Deaths,0.8666666666666667,0.1267056530214425,0.8892267706302794,225,1026.0
Deaths,0.8711111111111111,0.13352826510721247,0.8892267706302794,225,1026.0
Deaths,0.8755555555555555,0.14035087719298245,0.8892267706302794,225,1026.0
Deaths,0.88,0.14717348927875243,0.8892267706302794,225,1026.0
Deaths,0.8844444444444445,0.15497076023391812,0.8892267706302794,225,1026.0
Deaths,0.8888888888888888,0.1627680311890838,0.8892267706302794,225,1026.0
Deaths,0.8933333333333333,0.17153996101364521,0.8892267706302794,225,1026.0
Deaths,0.8977777777777778,0.18031189083820662,0.8892267706302794,225,1026.0
Deaths,0.9022222222222223,0.18908382066276802,0.8892267706302794,225,1026.0
Deaths,0.9066666666666666,0.19883040935672514,0.8892267706302794,225,1026.0
Deaths,0.9111111111111111,0.20857699805068225,0.8892267706302794,225,1026.0
Deaths,0.9155555555555556,0.21832358674463936,0.8892267706302794,225,1026.0
Deaths,0.92,0.22807017543859648,0.8892267706302794,225,1026.0
Deaths,0.9244444444444444,0.23976608187134502,0.8892267706302794,225,1026.0
Deaths,0.9288888888888889,0.253411306042885,0.8892267706302794,225,1026.0
Deaths,0.9333333333333333,0.2680311890838207,0.8892267706302794,225,1026.0
Deaths,0.9377777777777778,0.2826510721247563,0.8892267706302794,225,1026.0
Deaths,0.9422222222222222,0.29922027290448344,0.8892267706302794,225,1026.0
Deaths,0.9466666666666667,0.3157894736842105,0.8892267706302794,225,1026.0
Deaths,0.9511111111111111,0.3362573099415205,0.8892267706302794,225,1026.0
Deaths,0.9555555555555556,0.35769980506822613,0.8892267706302794,225,1026.0
Deaths,0.96,0.3830409356725146,0.8892267706302794,225,1026.0
Deaths,0.9644444444444444,0.4191033138401559,0.8892267706302794,225,1026.0
Deaths,0.9688888888888889,0.46393762183235865,0.8892267706302794,225,1026.0
Deaths,0.9733333333333334,0.5087719298245614,0.8892267706302794,225,1026.0
Deaths,0.9777777777777777,0.5633528265107213,0.8892267706302794,225,1026.0
Deaths,0.9822222222222222,0.6198830409356725,0.8892267706302794,225,1026.0
Deaths,0.9866666666666667,0.6900584795321637,0.8892267706302794,225,1026.0
Deaths,0.9911111111111112,0.7602339181286549,0.8892267706302794,225,1026.0
Deaths,0.9955555555555555,0.8362573099415205,0.8892267706302794,225,1026.0
Deaths,1.0,1.0,0.8892267706302794,225,1026.0
Injuries,0.0,0.0,0.7662861449994225,162,2031.0
Injuries,0.006172839506172839,0.0,0.7662861449994225,162,2031.0
Injuries,0.012345679012345678,0.0,0.7662861449994225,162,2031.0
Injuries,0.018518518518518517,0.0,0.7662861449994225,162,2031.0
Injuries,0.024691358024691357,0.0,0.7662861449994225,162,2031.0
Injuries,0.030864197530864196,0.0,0.7662861449994225,162,2031.0
Injuries,0.037037037037037035,0.0,0.7662861449994225,162,2031.0
Injuries,0.043209876543209874,0.0,0.7662861449994225,162,2031.0
Injuries,0.04938271604938271,0.0,0.7662861449994225,162,2031.0
Injuries,0.05555555555555555,0.0,0.7662861449994225,162,2031.0
Injuries,0.06172839506172839,0.0,0.7662861449994225,162,2031.0
Injuries,0.06790123456790123,0.0,0.7662861449994225,162,2031.0
Injuries,0.07407407407407407,0.0,0.7662861449994225,162,2031.0
Injuries,0.08024691358024691,0.0,0.7662861449994225,162,2031.0
Injuries,0.08641975308641975,0.0,0.7662861449994225,162,2031.0
Injuries,0.09259259259259259,0.0,0.7662861449994225,162,2031.0
Injuries,0.09876543209876543,0.0,0.7662861449994225,162,2031.0
Injuries,0.10493827160493827,0.0,0.7662861449994225,162,2031.0
Injuries,0.1111111111111111,0.0,0.7662861449994225,162,2031.0
Injuries,0.11728395061728394,0.0,0.7662861449994225,162,2031.0
Injuries,0.12345679012345678,0.0,0.7662861449994225,162,2031.0
Injuries,0.12962962962962962,0.0,0.7662861449994225,162,2031.0
Injuries,0.13580246913580246,0.0,0.7662861449994225,162,2031.0
Injuries,0.1419753086419753,0.0,0.7662861449994225,162,2031.0
Injuries,0.14814814814814814,0.0,0.7662861449994225,162,2031.0
Injuries,0.15432098765432098,0.0,0.7662861449994225,162,2031.0
Injuries,0.16049382716049382,0.0,0.7662861449994225,162,2031.0
Injuries,0.16666666666666666,0.0,0.7662861449994225,162,2031.0
Injuries,0.1728395061728395,0.0,0.7662861449994225,162,2031.0
Injuries,0.17901234567901234,0.0,0.7662861449994225,162,2031.0
Injuries,0.18518518518518517,0.0,0.7662861449994225,162,2031.0
Injuries,0.19135802469135801,0.0,0.7662861449994225,162,2031.0
Injuries,0.19753086419753085,0.0,0.7662861449994225,162,2031.0
Injuries,0.2037037037037037,0.0,0.7662861449994225,162,2031.0
Injuries,0.20987654320987653,0.0,0.7662861449994225,162,2031.0
Injuries,0.21604938271604937,0.0,0.7662861449994225,162,2031.0
Injuries,0.2222222222222222,0.0,0.7662861449994225,162,2031.0
Injuries,0.22839506172839505,0.0,0.7662861449994225,162,2031.0
Injuries,0.2345679012345679,0.0,0.7662861449994225,162,2031.0
Injuries,0.24074074074074073,0.0,0.7662861449994225,162,2031.0
Injuries,0.24691358024691357,0.0,0.7662861449994225,162,2031.0
Injuries,0.25308641975308643,0.0,0.7662861449994225,162,2031.0
Injuries,0.25925925925925924,0.0,0.7662861449994225,162,2031.0
Injuries,0.2654320987654321,0.0,0.7662861449994225,162,2031.0
Injuries,0.2716049382716049,0.0,0.7662861449994225,162,2031.0
Injuries,0.2777777777777778,0.0,0.7662861449994225,162,2031.0
Injuries,0.2839506172839506,0.0,0.7662861449994225,162,2031.0
Injuries,0.29012345679012347,0.0,0.7662861449994225,162,2031.0
Injuries,0.2962962962962963,0.0,0.7662861449994225,162,2031.0
Injuries,0.30246913580246915,0.0,0.7662861449994225,162,2031.0
Injuries,0.30864197530864196,0.0,0.7662861449994225,162,2031.0
Injuries,0.3148148148148148,0.0,0.7662861449994225,162,2031.0
Injuries,0.32098765432098764,0.0,0.7662861449994225,162,2031.0
Injuries,0.3271604938271605,0.0,0.7662861449994225,162,2031.0
Injuries,0.3333333333333333,0.0,0.7662861449994225,162,2031.0
Injuries,0.3395061728395062,0.0,0.7662861449994225,162,2031.0
Injuries,0.345679012345679,0.0,0.7662861449994225,162,2031.0
Injuries,0.35185185185185186,0.0,0.7662861449994225,162,2031.0
Injuries,0.35802469135802467,0.0,0.7662861449994225,162,2031.0
Injuries,0.36419753086419754,0.0,0.7662861449994225,162,2031.0
Injuries,0.37037037037037035,0.0,0.7662861449994225,162,2031.0
Injuries,0.3765432098765432,0.0,0.7662861449994225,162,2031.0
Injuries,0.38271604938271603,0.0,0.7662861449994225,162,2031.0
Injuries,0.3888888888888889,0.0004923682914820286,0.7662861449994225,162,2031.0
Injuries,0.3950617283950617,0.0009847365829640572,0.7662861449994225,162,2031.0
Injuries,0.4012345679012346,0.0014771048744460858,0.7662861449994225,162,2031.0
Injuries,0.4074074074074074,0.0019694731659281144,0.7662861449994225,162,2031.0
Injuries,0.41358024691358025,0.002461841457410143,0.7662861449994225,162,2031.0
Injuries,0.41975308641975306,0.0029542097488921715,0.7662861449994225,162,2031.0
Injuries,0.42592592592592593,0.0034465780403741997,0.7662861449994225,162,2031.0
Injuries,0.43209876543209874,0.003938946331856229,0.7662861449994225,162,2031.0
Injuries,0.4382716049382716,0.004431314623338257,0.7662861449994225,162,2031.0
Injuries,0.4444444444444444,0.004923682914820286,0.7662861449994225,162,2031.0
Injuries,0.4506172839506173,0.0054160512063023145,0.7662861449994225,162,2031.0
Injuries,0.4567901234567901,0.005908419497784343,0.7662861449994225,162,2031.0
Injuries,0.46296296296296297,0.006893156080748399,0.7662861449994225,162,2031.0
Injuries,0.4691358024691358,0.007877892663712457,0.7662861449994225,162,2031.0
Injuries,0.47530864197530864,0.008862629246676515,0.7662861449994225,162,2031.0
Injuries,0.48148148148148145,0.009847365829640572,0.7662861449994225,162,2031.0
Injuries,0.4876543209876543,0.010832102412604629,0.7662861449994225,162,2031.0
Injuries,0.49382716049382713,0.011816838995568686,0.7662861449994225,162,2031.0
Injuries,0.5,0.012801575578532743,0.7662861449994225,162,2031.0
Injuries,0.5061728395061729,0.013786312161496799,0.7662861449994225,162,2031.0
Injuries,0.5123456790123457,0.014771048744460856,0.7662861449994225,162,2031.0
Injuries,0.5185185185185185,0.015755785327424915,0.7662861449994225,162,2031.0
Injuries,0.5246913580246914,0.01674052191038897,0.7662861449994225,162,2031.0
Injuries,0.5308641975308642,0.01772525849335303,0.7662861449994225,162,2031.0
Injuries,0.5370370370370371,0.019202363367799114,0.7662861449994225,162,2031.0
Injuries,0.5432098765432098,0.0206794682422452,0.7662861449994225,162,2031.0
Injuries,0.5493827160493827,0.022156573116691284,0.7662861449994225,162,2031.0
Injuries,0.5555555555555556,0.023633677991137372,0.7662861449994225,162,2031.0
Injuries,0.5617283950617284,0.025110782865583457,0.7662861449994225,162,2031.0
Injuries,0.5679012345679012,0.026587887740029542,0.7662861449994225,162,2031.0
Injuries,0.5740740740740741,0.028064992614475627,0.7662861449994225,162,2031.0
Injuries,0.5802469135802469,0.029542097488921712,0.7662861449994225,162,2031.0
Injuries,0.5864197530864198,0.0310192023633678,0.7662861449994225,162,2031.0
Injuries,0.5925925925925926,0.03249630723781388,0.7662861449994225,162,2031.0
Injuries,0.5987654320987654,0.034465780403742,0.7662861449994225,162,2031.0
Injuries,0.6049382716049383,0.03643525356967011,0.7662861449994225,162,2031.0
Injuries,0.6111111111111112,0.03840472673559823,0.7662861449994225,162,2031.0
Injuries,0.6172839506172839,0.04037419990152634,0.7662861449994225,162,2031.0
Injuries,0.6234567901234568,0.04234367306745446,0.7662861449994225,162,2031.0
Injuries,0.6296296296296297,0.04431314623338257,0.7662861449994225,162,2031.0
Injuries,0.6358024691358025,0.04677498769079271,0.7662861449994225,162,2031.0
Injuries,0.6419753086419753,0.049236829148202856,0.7662861449994225,162,2031.0
Injuries,0.6481481481481481,0.051698670605613,0.7662861449994225,162,2031.0
Injuries,0.654320987654321,0.05465288035450517,0.7662861449994225,162,2031.0
Injuries,0.6604938271604939,0.05760709010339734,0.7662861449994225,162,2031.0
Injuries,0.6666666666666666,0.060561299852289516,0.7662861449994225,162,2031.0
Injuries,0.6728395061728395,0.06400787789266371,0.7662861449994225,162,2031.0
Injuries,0.6790123456790124,0.06745445593303791,0.7662861449994225,162,2031.0
Injuries,0.6851851851851852,0.07139340226489414,0.7662861449994225,162,2031.0
Injuries,0.691358024691358,0.07533234859675036,0.7662861449994225,162,2031.0
Injuries,0.6975308641975309,0.0792712949286066,0.7662861449994225,162,2031.0
Injuries,0.7037037037037037,0.08370260955194485,0.7662861449994225,162,2031.0
Injuries,0.7098765432098766,0.08862629246676514,0.7662861449994225,162,2031.0
Injuries,0.7160493827160493,0.09404234367306745,0.7662861449994225,162,2031.0
Injuries,0.7222222222222222,0.0999507631708518,0.7662861449994225,162,2031.0
Injuries,0.7283950617283951,0.10585918266863614,0.7662861449994225,162,2031.0
Injuries,0.7345679012345679,0.11225997045790251,0.7662861449994225,162,2031.0
Injuries,0.7407407407407407,0.11866075824716889,0.7662861449994225,162,2031.0
Injuries,0.7469135802469136,0.12506154603643527,0.7662861449994225,162,2031.0
Injuries,0.7530864197530864,0.13146233382570163,0.7662861449994225,162,2031.0
Injuries,0.7592592592592593,0.137863121614968,0.7662861449994225,162,2031.0
Injuries,0.7654320987654321,0.1447562776957164,0.7662861449994225,162,2031.0
Injuries,0.7716049382716049,0.1516494337764648,0.7662861449994225,162,2031.0
Injuries,0.7777777777777778,0.15903495814869523,0.7662861449994225,162,2031.0
Injuries,0.7839506172839507,0.16642048252092564,0.7662861449994225,162,2031.0
Injuries,0.7901234567901234,0.17429837518463812,0.7662861449994225,162,2031.0
Injuries,0.7962962962962963,0.18365337272279667,0.7662861449994225,162,2031.0
Injuries,0.8024691358024691,0.1935007385524372,0.7662861449994225,162,2031.0
Injuries,0.808641975308642,0.2033481043820778,0.7662861449994225,162,2031.0
Injuries,0.8148148148148148,0.21319547021171836,0.7662861449994225,162,2031.0
Injuries,0.8209876543209876,0.224027572624323,0.7662861449994225,162,2031.0
Injuries,0.8271604938271605,0.23535204332840964,0.7662861449994225,162,2031.0
Injuries,0.8333333333333334,0.24766125061546038,0.7662861449994225,162,2031.0
Injuries,0.8395061728395061,0.25997045790251105,0.7662861449994225,162,2031.0
Injuries,0.845679012345679,0.27326440177252587,0.7662861449994225,162,2031.0
Injuries,0.8518518518518519,0.29098966026587886,0.7662861449994225,162,2031.0
Injuries,0.8580246913580247,0.3087149187592319,0.7662861449994225,162,2031.0
Injuries,0.8641975308641975,0.327424913835549,0.7662861449994225,162,2031.0
Injuries,0.8703703703703703,0.3461349089118661,0.7662861449994225,162,2031.0
Injuries,0.8765432098765432,0.36533727227966517,0.7662861449994225,162,2031.0
Injuries,0.8827160493827161,0.3850320039389463,0.7662861449994225,162,2031.0
Injuries,0.8888888888888888,0.40472673559822747,0.7662861449994225,162,2031.0
Injuries,0.8950617283950617,0.4244214672575086,0.7662861449994225,162,2031.0
Injuries,0.9012345679012346,0.4441161989167898,0.7662861449994225,162,2031.0
Injuries,0.9074074074074074,0.46430329886755295,0.7662861449994225,162,2031.0
Injuries,0.9135802469135802,0.4859675036927622,0.7662861449994225,162,2031.0
Injuries,0.9197530864197531,0.5076317085179715,0.7662861449994225,162,2031.0
Injuries,0.9259259259259259,0.5292959133431807,0.7662861449994225,162,2031.0
Injuries,0.9320987654320988,0.551944854751354,0.7662861449994225,162,2031.0
Injuries,0.9382716049382716,0.5750861644510094,0.7662861449994225,162,2031.0
Injuries,0.9444444444444444,0.6031511570654849,0.7662861449994225,162,2031.0
Injuries,0.9506172839506173,0.6331856228458888,0.7662861449994225,162,2031.0
Injuries,0.9567901234567902,0.6642048252092565,0.7662861449994225,162,2031.0
Injuries,0.9629629629629629,0.6986706056129985,0.7662861449994225,162,2031.0
Injuries,0.9691358024691358,0.7336287543082225,0.7662861449994225,162,2031.0
Injuries,0.9753086419753086,0.7725258493353028,0.7662861449994225,162,2031.0
Injuries,0.9814814814814815,0.8183161004431314,0.7662861449994225,162,2031.0
Injuries,0.9876543209876543,0.8749384539635647,0.7662861449994225,162,2031.0
Injuries,0.9938271604938271,0.9345150172328902,0.7662861449994225,162,2031.0
Injuries,1.0,1.0,0.7662861449994225,162,2031.0
