term,log_odds,std_error,variable,effect_scale,odds_ratio,ci_low,ci_high,p_value,display_order,specification,lag_days,temperature_column,temperature_iqr_c,n_observations,n_strata,n_informative_strata,converged,p_value_holm,adjustment,weather_product,product_label
x_tmax_lag0_anomaly_c,0.2929516977653779,0.1340970903012135,tmax_lag0_anomaly_c,per IQR,1.3403780456131928,1.0305796395263431,1.7433037062400822,0.0289164398878052,1,Current day,0,tmax_lag0_anomaly_c,5.065352630615233,995,228,228,True,0.0473967944175577,Dewpoint + precipitation + wind,ERA5-Land,ERA5-Land
x_tmax_lag1_anomaly_c,0.3122307427829947,0.1263301550558759,tmax_lag1_anomaly_c,per IQR,1.3664699597367107,1.0667574627824254,1.7503886459744296,0.0134530381221102,2,Lag 1 day,1,tmax_lag1_anomaly_c,5.219143676757815,995,228,228,True,0.0403591143663307,Dewpoint + precipitation + wind,ERA5-Land,ERA5-Land
x_tmax_lag2_anomaly_c,0.2483771499848996,0.1098050028190676,tmax_lag2_anomaly_c,per IQR,1.2819433259383397,1.0337152429153351,1.5897789088251355,0.0236983972087788,3,Lag 2 days,2,tmax_lag2_anomaly_c,4.983522033691409,995,228,228,True,0.0473967944175577,Dewpoint + precipitation + wind,ERA5-Land,ERA5-Land
x_tmax_lag3_anomaly_c,0.3291816654905345,0.1109298575573542,tmax_lag3_anomaly_c,per IQR,1.389830316861438,1.118243493310548,1.7273771957738828,0.0030025593815091,4,Lag 3 days,3,tmax_lag3_anomaly_c,5.030397796630854,995,228,228,True,0.0120102375260364,Dewpoint + precipitation + wind,ERA5-Land,ERA5-Land
x_tmax_mean_lag0_3_anomaly_c,0.4365761594788059,0.1397173088000133,tmax_mean_lag0_3_anomaly_c,per IQR,1.5474000871891669,1.176719208305203,2.0348499565004112,0.0017798005135582,5,Mean lag 0–3 days,-1,tmax_mean_lag0_3_anomaly_c,4.679352188110359,995,228,228,True,0.0088990025677913,Dewpoint + precipitation + wind,ERA5-Land,ERA5-Land
x_tmax_lag0_anomaly_c,0.0970171199264422,0.1076844445268766,tmax_lag0_anomaly_c,per IQR,1.101879237551031,0.8922183482296819,1.3608079866941805,0.3676207332243892,1,Current day,0,tmax_lag0_anomaly_c,5.065352630615233,995,228,228,True,0.3676207332243892,Temperature only,ERA5-Land,ERA5-Land
x_tmax_lag1_anomaly_c,0.1627277963668744,0.1099710635282555,tmax_lag1_anomaly_c,per IQR,1.176716339627415,0.948555015978934,1.459758601895257,0.1389445525387543,2,Lag 1 day,1,tmax_lag1_anomaly_c,5.219143676757815,995,228,228,True,0.2778891050775086,Temperature only,ERA5-Land,ERA5-Land
x_tmax_lag2_anomaly_c,0.1775781092506413,0.1043301839172904,tmax_lag2_anomaly_c,per IQR,1.1943213418042775,0.973449771560486,1.4653077222490667,0.0887407501603088,3,Lag 2 days,2,tmax_lag2_anomaly_c,4.983522033691409,995,228,228,True,0.2662222504809265,Temperature only,ERA5-Land,ERA5-Land
x_tmax_lag3_anomaly_c,0.2770656467097691,0.1072898548305578,tmax_lag3_anomaly_c,per IQR,1.3192529728093851,1.0690576197965127,1.6280024332062455,0.0098114929176098,4,Lag 3 days,3,tmax_lag3_anomaly_c,5.030397796630854,995,228,228,True,0.049057464588049,Temperature only,ERA5-Land,ERA5-Land
x_tmax_mean_lag0_3_anomaly_c,0.2473567564098492,0.1213095709627781,tmax_mean_lag0_3_anomaly_c,per IQR,1.2806359063596828,1.0096361286957851,1.6243756320172706,0.0414446462740695,5,Mean lag 0–3 days,-1,tmax_mean_lag0_3_anomaly_c,4.679352188110359,995,228,228,True,0.1657785850962783,Temperature only,ERA5-Land,ERA5-Land
x_tmax_lag0_anomaly_c,0.2964855479728629,0.1307366806083772,tmax_lag0_anomaly_c,per IQR,1.3451231201009446,1.0410623206512375,1.7379902935092832,0.0233409779271951,1,Current day,0,tmax_lag0_anomaly_c,4.7090000000000005,1001,228,228,True,0.0700229337815854,Dewpoint + precipitation + wind,NASA POWER MERRA-2/GEOS-IT,NASA POWER
x_tmax_lag1_anomaly_c,0.2140497329935864,0.1235804722860544,tmax_lag1_anomaly_c,per IQR,1.238684256737811,0.972225026387004,1.5781723842185318,0.0832615257404686,2,Lag 1 day,1,tmax_lag1_anomaly_c,4.841999999999999,1001,228,228,True,0.0832615257404686,Dewpoint + precipitation + wind,NASA POWER MERRA-2/GEOS-IT,NASA POWER
x_tmax_lag2_anomaly_c,0.2403075908398188,0.1098450075261846,tmax_lag2_anomaly_c,per IQR,1.271640235059129,1.0253267846663232,1.577125372714697,0.0286916824630947,3,Lag 2 days,2,tmax_lag2_anomaly_c,4.838000000000001,1001,228,228,True,0.0700229337815854,Dewpoint + precipitation + wind,NASA POWER MERRA-2/GEOS-IT,NASA POWER
x_tmax_lag3_anomaly_c,0.3489202655059971,0.1155568452337636,tmax_lag3_anomaly_c,per IQR,1.4175361593074167,1.130238699427332,1.7778622904720454,0.0025321854121989,4,Lag 3 days,3,tmax_lag3_anomaly_c,4.933,1001,228,228,True,0.0126609270609948,Dewpoint + precipitation + wind,NASA POWER MERRA-2/GEOS-IT,NASA POWER
x_tmax_mean_lag0_3_anomaly_c,0.4062297688900352,0.1366838118978779,tmax_mean_lag0_3_anomaly_c,per IQR,1.5011474298141865,1.1483538677525589,1.9623250892583732,0.0029582805115408,5,Mean lag 0–3 days,-1,tmax_mean_lag0_3_anomaly_c,4.255999999999996,1001,228,228,True,0.0126609270609948,Dewpoint + precipitation + wind,NASA POWER MERRA-2/GEOS-IT,NASA POWER
x_tmax_lag0_anomaly_c,0.1060178723917593,0.1048933634818422,tmax_lag0_anomaly_c,per IQR,1.1118417476002458,0.9052237574578398,1.3656204463506292,0.312150224304507,1,Current day,0,tmax_lag0_anomaly_c,4.7090000000000005,1001,228,228,True,0.624300448609014,Temperature only,NASA POWER MERRA-2/GEOS-IT,NASA POWER
x_tmax_lag1_anomaly_c,0.0995525313773434,0.1056228343607307,tmax_lag1_anomaly_c,per IQR,1.1046764993938092,0.8981050602110077,1.358761042974473,0.3459221280714899,2,Lag 1 day,1,tmax_lag1_anomaly_c,4.841999999999999,1001,228,228,True,0.624300448609014,Temperature only,NASA POWER MERRA-2/GEOS-IT,NASA POWER
x_tmax_lag2_anomaly_c,0.166814631030614,0.1022801976859132,tmax_lag2_anomaly_c,per IQR,1.1815352250403954,0.9669054582228171,1.443807640280745,0.1028993380676179,3,Lag 2 days,2,tmax_lag2_anomaly_c,4.8255,1003,228,228,True,0.3086980142028538,Temperature only,NASA POWER MERRA-2/GEOS-IT,NASA POWER
x_tmax_lag3_anomaly_c,0.2944741554218031,0.1103181966249973,tmax_lag3_anomaly_c,per IQR,1.3424202686358109,1.0813935030451405,1.666453675345429,0.0076005847137735,4,Lag 3 days,3,tmax_lag3_anomaly_c,4.929000000000001,1004,228,228,True,0.0380029235688676,Temperature only,NASA POWER MERRA-2/GEOS-IT,NASA POWER
x_tmax_mean_lag0_3_anomaly_c,0.2222740853173856,0.1149401819244799,tmax_mean_lag0_3_anomaly_c,per IQR,1.2489136398490135,0.9969958502610426,1.5644852276892771,0.0531347677541665,5,Mean lag 0–3 days,-1,tmax_mean_lag0_3_anomaly_c,4.25325,1004,228,228,True,0.2125390710166661,Temperature only,NASA POWER MERRA-2/GEOS-IT,NASA POWER
