stratum_id,event_id,event_anomaly_c,control_mean_anomaly_c,event_minus_control_c,continent
HRF-0001,HRF-0001,-3.8420000000000014,-1.9395000000000016,-1.9024999999999999,Asia
HRF-0002,HRF-0002,-6.753,-5.829666666666667,-0.9233333333333329,Europe
HRF-0006,HRF-0006,-0.0730000000000004,-4.7255,4.6525,Oceania
HRF-0007,HRF-0007,-5.460999999999995,-3.1943333333333293,-2.2666666666666657,North America
HRF-0008,HRF-0008,0.3959999999999972,-2.3140000000000027,2.71,Africa
HRF-0009,HRF-0009,-5.721000000000004,-3.7835000000000027,-1.9375000000000009,Europe
HRF-0010,HRF-0010,-8.342,-5.1194999999999995,-3.222500000000001,North America
HRF-0012,HRF-0012,-6.311,-4.541000000000001,-1.7699999999999987,Africa
HRF-0013,HRF-0013,-1.171000000000003,-1.8910000000000007,0.7199999999999978,South America
HRF-0014,HRF-0014,0.7800000000000002,-6.53,7.3100000000000005,North America
HRF-0016,HRF-0016,-0.3100000000000005,-7.596666666666668,7.286666666666667,Europe
HRF-0017,HRF-0017,-10.669999999999998,-3.9233333333333325,-6.746666666666666,Europe
HRF-0019,HRF-0019,5.799,-11.536000000000005,17.335000000000004,Asia
HRF-0021,HRF-0021,-5.923000000000002,-4.6930000000000005,-1.2300000000000013,Asia
HRF-0022,HRF-0022,-4.050000000000001,-1.5,-2.5500000000000007,Asia
HRF-0023,HRF-0023,-5.323,-2.309666666666667,-3.013333333333333,North America
HRF-0024,HRF-0024,-1.9510000000000003,-3.801,1.8499999999999999,North America
HRF-0025,HRF-0025,-6.311,-4.774333333333334,-1.5366666666666662,North America
HRF-0026,HRF-0026,-6.2010000000000005,-4.484333333333334,-1.7166666666666668,Europe
HRF-0028,HRF-0028,-6.700000000000003,-2.076666666666668,-4.623333333333335,Asia
HRF-0029,HRF-0029,2.5600000000000005,-7.79,10.350000000000001,Asia
HRF-0030,HRF-0030,-2.4509999999999934,-2.8743333333333276,0.4233333333333342,Asia
HRF-0031,HRF-0031,-3.360999999999997,-2.3384999999999945,-1.0225000000000026,Asia
HRF-0032,HRF-0032,-2.171000000000003,-6.178500000000002,4.007499999999999,Europe
HRF-0033,HRF-0033,-5.782999999999998,-3.795499999999997,-1.9875000000000007,Europe
HRF-0035,HRF-0035,-2.6330000000000027,-2.6963333333333352,0.06333333333333258,Asia
HRF-0036,HRF-0036,-1.2109999999999983,-4.5535000000000005,3.342500000000002,Asia
HRF-0037,HRF-0037,-7.331000000000001,-6.334333333333334,-0.996666666666667,Europe
HRF-0038,HRF-0038,3.0379999999999985,-8.345333333333334,11.383333333333333,Europe
HRF-0039,HRF-0039,-9.142,-5.386999999999999,-3.755000000000001,Asia
HRF-0040,HRF-0040,-7.67,-8.07,0.40000000000000036,Asia
HRF-0041,HRF-0041,-7.311,-7.328499999999999,0.017499999999999183,Asia
HRF-0042,HRF-0042,-0.4310000000000009,-1.0243333333333335,0.5933333333333326,Asia
HRF-0043,HRF-0043,-3.940000000000001,-3.099999999999999,-0.8400000000000016,Asia
HRF-0044,HRF-0044,-1.3810000000000002,-3.596000000000002,2.2150000000000016,Asia
HRF-0045,HRF-0045,-17.294,-8.991499999999998,-8.302500000000002,Europe
HRF-0046,HRF-0046,-1.0110000000000028,-5.921000000000002,4.909999999999999,Asia
HRF-0047,HRF-0047,-6.811,-3.341000000000001,-3.469999999999999,Europe
HRF-0048,HRF-0048,-1.772000000000002,-0.5570000000000004,-1.2150000000000016,Asia
HRF-0049,HRF-0049,-0.6700000000000017,-2.06,1.3899999999999983,Oceania
HRF-0050,HRF-0050,0.3380000000000009,-2.3486666666666665,2.6866666666666674,Asia
HRF-0051,HRF-0051,-3.7509999999999977,-1.5476666666666645,-2.203333333333333,Asia
HRF-0052,HRF-0052,-12.721,-11.394333333333334,-1.3266666666666662,Europe
HRF-0053,HRF-0053,1.59,-3.0100000000000007,4.6000000000000005,North America
HRF-0054,HRF-0054,-2.942,-12.982,10.04,Europe
HRF-0055,HRF-0055,-4.4510000000000005,-5.516000000000002,1.0650000000000013,Asia
HRF-0056,HRF-0056,-1.1900000000000013,-1.8933333333333344,0.7033333333333331,Africa
HRF-0057,HRF-0057,-1.3610000000000042,-1.50766666666667,0.14666666666666583,South America
HRF-0058,HRF-0058,-11.762,-7.8445,-3.9175000000000004,Asia
HRF-0059,HRF-0059,-4.551,-7.347666666666666,2.796666666666666,North America
HRF-0060,HRF-0060,-6.609000000000002,-4.645666666666669,-1.963333333333333,North America
HRF-0061,HRF-0061,-3.1220000000000017,-6.412000000000001,3.289999999999999,North America
HRF-0062,HRF-0062,-0.9299999999999996,0.370000000000001,-1.3000000000000007,Asia
HRF-0063,HRF-0063,-13.561999999999998,-7.6953333333333305,-5.866666666666667,Europe
HRF-0064,HRF-0064,-7.531000000000002,-7.301000000000003,-0.22999999999999954,Oceania
HRF-0065,HRF-0065,-14.591000000000005,-5.634333333333337,-8.956666666666667,North America
HRF-0066,HRF-0066,-0.9130000000000004,-3.089666666666666,2.176666666666666,Asia
HRF-0067,HRF-0067,-2.6499999999999986,-0.6724999999999984,-1.9775,Asia
HRF-0068,HRF-0068,-0.0299999999999975,-5.9049999999999985,5.875000000000001,Europe
HRF-0069,HRF-0069,0.0899999999999998,-1.0074999999999994,1.0974999999999993,Africa
HRF-0070,HRF-0070,-2.530999999999999,-4.891,2.360000000000001,Asia
HRF-0071,HRF-0071,-4.272000000000006,-7.692000000000003,3.4199999999999973,North America
HRF-0072,HRF-0072,-0.6210000000000022,-1.3559999999999999,0.7349999999999977,Asia
HRF-0073,HRF-0073,-11.686000000000003,-5.369333333333337,-6.316666666666666,North America
HRF-0074,HRF-0074,-1.6300000000000026,-1.6600000000000001,0.029999999999997584,Africa
HRF-0075,HRF-0075,-1.4420000000000002,-2.4494999999999996,1.0074999999999994,Asia
HRF-0076,HRF-0076,-4.081,-4.137666666666666,0.056666666666665755,Europe
HRF-0077,HRF-0077,-4.340999999999999,-4.934333333333333,0.5933333333333337,Europe
HRF-0078,HRF-0078,-1.5020000000000024,-4.355333333333333,2.853333333333331,Asia
HRF-0079,HRF-0079,-8.077000000000002,-6.657000000000003,-1.419999999999999,Asia
HRF-0080,HRF-0080,-7.2719999999999985,-4.879499999999998,-2.3925,Europe
HRF-0081,HRF-0081,-1.2520000000000024,-3.5320000000000036,2.280000000000001,Asia
HRF-0082,HRF-0082,-7.239000000000001,-2.135666666666669,-5.103333333333332,Europe
HRF-0083,HRF-0083,-2.7310000000000016,-2.2235000000000005,-0.5075000000000012,Asia
HRF-0084,HRF-0084,-0.2729999999999997,-1.8179999999999987,1.544999999999999,Asia
HRF-0085,HRF-0085,-3.722000000000001,-0.7486666666666663,-2.9733333333333345,Asia
HRF-0086,HRF-0086,-4.350999999999999,-4.250999999999999,-0.10000000000000053,Asia
HRF-0087,HRF-0087,-2.8260000000000005,-2.9785000000000013,0.15250000000000075,Asia
HRF-0088,HRF-0088,-2.280999999999999,-0.7509999999999976,-1.5300000000000011,Asia
HRF-0089,HRF-0089,-0.0929999999999999,-2.0663333333333314,1.9733333333333314,Europe
HRF-0090,HRF-0090,0.2100000000000008,-0.28333333333333144,0.49333333333333224,North America
HRF-0091,HRF-0091,-4.279999999999998,-2.737499999999998,-1.5424999999999995,Asia
HRF-0092,HRF-0092,-2.0500000000000043,-2.2533333333333374,0.20333333333333314,Asia
HRF-0093,HRF-0093,-2.801,-4.7785,1.9775,Europe
HRF-0094,HRF-0094,-8.812000000000005,-7.452000000000005,-1.3599999999999994,Asia
HRF-0095,HRF-0095,-10.794000000000004,-4.327333333333338,-6.466666666666666,North America
HRF-0096,HRF-0096,-0.6000000000000014,0.6333333333333316,-1.233333333333333,Asia
HRF-0097,HRF-0097,-13.374000000000002,-2.047333333333335,-11.326666666666668,North America
HRF-0098,HRF-0098,-3.3099999999999987,-5.809999999999999,2.5,Asia
HRF-0099,HRF-0099,-1.5700000000000005,-3.3125000000000036,1.742500000000003,Asia
HRF-0100,HRF-0100,2.658999999999999,-0.608500000000002,3.267500000000001,South America
HRF-0101,HRF-0101,0.3299999999999983,-2.7833333333333337,3.113333333333332,Asia
HRF-0102,HRF-0102,0.5279999999999987,0.745499999999998,-0.21749999999999936,Asia
HRF-0103,HRF-0103,-1.2829999999999977,-0.08966666666666612,-1.1933333333333316,Africa
HRF-0104,HRF-0104,-3.0909999999999997,-5.401,2.31,Europe
HRF-0105,HRF-0105,-9.392999999999995,-3.9363333333333315,-5.4566666666666634,Oceania
HRF-0106,HRF-0106,-5.706000000000003,-0.7860000000000018,-4.920000000000002,Europe
HRF-0107,HRF-0107,-1.2910000000000004,-9.081000000000001,7.790000000000001,Asia
HRF-0108,HRF-0108,-4.050999999999995,-5.074333333333328,1.0233333333333334,Asia
HRF-0109,HRF-0109,3.3729999999999976,-3.6595000000000013,7.032499999999999,Asia
HRF-0110,HRF-0110,-5.332000000000001,-5.674499999999998,0.3424999999999976,Asia
HRF-0111,HRF-0111,-0.971,-1.7576666666666678,0.7866666666666678,Europe
HRF-0112,HRF-0112,-9.551000000000002,-6.4843333333333355,-3.0666666666666664,North America
HRF-0113,HRF-0113,-11.401000000000003,-3.6310000000000002,-7.770000000000003,Europe
HRF-0114,HRF-0114,-7.363,-4.873,-2.49,Europe
HRF-0115,HRF-0115,-4.073,-5.678,1.6049999999999995,Europe
HRF-0116,HRF-0116,-6.135999999999999,-4.366,-1.7699999999999996,Oceania
HRF-0117,HRF-0117,-4.991,-1.0010000000000001,-3.9899999999999993,Europe
HRF-0118,HRF-0118,-5.312000000000005,-3.2986666666666693,-2.0133333333333354,Asia
HRF-0119,HRF-0119,-2.071999999999999,-2.3853333333333318,0.3133333333333326,Africa
HRF-0120,HRF-0120,0.4679999999999964,-1.4253333333333356,1.893333333333332,Asia
HRF-0122,HRF-0122,-13.322999999999997,-2.0204999999999975,-11.302499999999998,Europe
HRF-0123,HRF-0123,-4.171000000000003,-5.636000000000001,1.464999999999998,Asia
HRF-0124,HRF-0124,-1.5309999999999988,-1.7576666666666654,0.22666666666666657,South America
HRF-0125,HRF-0125,-1.3510000000000026,-3.621000000000002,2.2699999999999996,Oceania
HRF-0126,HRF-0126,-4.943000000000001,-3.815500000000002,-1.1274999999999995,Asia
HRF-0127,HRF-0127,-2.7319999999999998,-6.978666666666666,4.246666666666666,Europe
HRF-0128,HRF-0128,-7.007999999999999,-3.1580000000000004,-3.8499999999999988,Europe
HRF-0129,HRF-0129,-2.3200000000000003,-1.4500000000000004,-0.8699999999999999,Asia
HRF-0130,HRF-0130,-1.0120000000000005,-2.5445,1.5324999999999998,Asia
HRF-0131,HRF-0131,-5.721,-5.9235,0.20249999999999968,North America
HRF-0132,HRF-0132,0.3000000000000042,-0.2699999999999987,0.570000000000003,Asia
HRF-0133,HRF-0133,-1.9419999999999968,-0.9186666666666655,-1.0233333333333312,Asia
HRF-0134,HRF-0134,-6.872000000000003,-7.212000000000004,0.34000000000000075,Asia
HRF-0135,HRF-0135,-5.532999999999998,-2.7529999999999983,-2.7799999999999994,Asia
HRF-0136,HRF-0136,5.050000000000001,-5.45,10.5,North America
HRF-0137,HRF-0137,0.2390000000000043,-1.8843333333333294,2.1233333333333335,Asia
HRF-0138,HRF-0138,-13.341,-10.140999999999998,-3.200000000000001,Asia
HRF-0139,HRF-0139,-3.361000000000004,-0.5910000000000029,-2.7700000000000014,Asia
HRF-0140,HRF-0140,-4.582000000000001,-2.7695000000000016,-1.8124999999999991,Oceania
HRF-0141,HRF-0141,-1.3399999999999963,-2.009999999999998,0.6700000000000017,Asia
HRF-0142,HRF-0142,-3.760000000000005,-2.3100000000000045,-1.4500000000000006,Africa
HRF-0143,HRF-0143,1.3069999999999986,-0.7880000000000011,2.0949999999999998,Europe
HRF-0144,HRF-0144,-17.161000000000005,-8.30433333333334,-8.856666666666666,Asia
HRF-0145,HRF-0145,-3.5130000000000017,-5.928000000000003,2.415000000000001,Asia
HRF-0146,HRF-0146,-3.915000000000001,-3.6250000000000013,-0.2899999999999996,Europe
HRF-0147,HRF-0147,-0.2509999999999976,-0.7243333333333304,0.4733333333333328,South America
HRF-0149,HRF-0149,-2.436,-5.599333333333334,3.163333333333334,Europe
HRF-0150,HRF-0150,-5.615000000000004,-2.1716666666666695,-3.4433333333333342,Oceania
HRF-0151,HRF-0151,-4.792999999999999,-6.793,2.000000000000001,Europe
HRF-0152,HRF-0152,-7.85,-3.520000000000001,-4.329999999999998,Europe
HRF-0153,HRF-0153,-3.630000000000001,-5.0425,1.4124999999999996,Europe
HRF-0154,HRF-0154,-0.5530000000000008,-2.2729999999999997,1.7199999999999989,Asia
HRF-0155,HRF-0155,-1.13,0.0866666666666666,-1.2166666666666666,Asia
HRF-0156,HRF-0156,-13.585,-10.645000000000003,-2.9399999999999977,Oceania
HRF-0157,HRF-0157,0.0890000000000004,-6.057666666666666,6.1466666666666665,Europe
HRF-0158,HRF-0158,-3.671,-1.2085000000000017,-2.462499999999998,Asia
HRF-0159,HRF-0159,-1.5420000000000051,-1.8786666666666711,0.336666666666666,South America
HRF-0160,HRF-0160,-4.989999999999998,-4.063333333333333,-0.9266666666666659,Asia
HRF-0161,HRF-0161,4.949,-5.8276666666666666,10.776666666666667,North America
HRF-0162,HRF-0162,-5.840000000000001,-3.310000000000001,-2.53,North America
HRF-0163,HRF-0163,3.1880000000000006,-1.9253333333333338,5.113333333333334,Europe
HRF-0164,HRF-0164,-6.631,-1.8443333333333338,-4.786666666666666,Europe
HRF-0165,HRF-0165,-6.442,-10.602,4.16,North America
HRF-0166,HRF-0166,-1.6320000000000014,-3.452,1.8199999999999985,Europe
HRF-0167,HRF-0167,-3.121000000000002,-1.6710000000000012,-1.450000000000001,Oceania
HRF-0168,HRF-0168,-5.411000000000001,1.18233333333333,-6.593333333333331,Europe
HRF-0169,HRF-0169,-1.2420000000000044,-2.882,1.6399999999999957,Asia
HRF-0170,HRF-0170,-1.42,-1.2750000000000004,-0.14499999999999957,Oceania
HRF-0171,HRF-0171,-1.2809999999999988,-2.0476666666666623,0.7666666666666635,Africa
HRF-0172,HRF-0172,-2.9120000000000026,-0.8645000000000014,-2.047500000000001,South America
HRF-0173,HRF-0173,3.578999999999997,0.8623333333333308,2.7166666666666663,Europe
HRF-0174,HRF-0174,3.2379999999999995,-2.755333333333335,5.993333333333334,Asia
HRF-0175,HRF-0175,-2.271000000000001,-0.4385000000000012,-1.8324999999999996,Asia
HRF-0176,HRF-0176,-2.7010000000000005,-2.6310000000000016,-0.06999999999999895,Asia
HRF-0177,HRF-0177,-2.091000000000001,-0.34600000000000186,-1.7449999999999992,Africa
HRF-0178,HRF-0178,-1.6750000000000007,-5.117500000000003,3.4425000000000026,Europe
HRF-0179,HRF-0179,-3.0219999999999985,-2.118666666666665,-0.9033333333333333,North America
HRF-0180,HRF-0180,-1.991999999999999,-3.5986666666666665,1.6066666666666674,Europe
HRF-0181,HRF-0181,1.005999999999997,-0.6773333333333357,1.6833333333333327,Asia
HRF-0182,HRF-0182,-0.7200000000000024,-0.6766666666666682,-0.04333333333333422,North America
HRF-0183,HRF-0183,-6.231000000000002,-7.241000000000002,1.0100000000000007,Europe
HRF-0184,HRF-0184,-1.4420000000000002,-3.231999999999998,1.7899999999999978,South America
HRF-0185,HRF-0185,0.5960000000000001,-5.777333333333334,6.373333333333334,Europe
HRF-0186,HRF-0186,-5.09,-4.793333333333333,-0.29666666666666686,Asia
HRF-0187,HRF-0187,-8.630999999999998,-4.694333333333332,-3.9366666666666665,North America
HRF-0188,HRF-0188,-1.34,-1.4849999999999994,0.14499999999999935,Asia
HRF-0189,HRF-0189,-1.643000000000001,-0.9380000000000006,-0.7050000000000003,Asia
HRF-0190,HRF-0190,-0.0219999999999984,-1.3519999999999985,1.33,Asia
HRF-0191,HRF-0191,-4.153000000000001,-6.205500000000001,2.0524999999999993,North America
HRF-0192,HRF-0192,-0.9500000000000028,-1.4675000000000011,0.5174999999999983,Africa
HRF-0193,HRF-0193,-7.831,-16.411,8.580000000000002,North America
HRF-0194,HRF-0194,-3.362000000000001,-3.9670000000000005,0.6049999999999995,Europe
HRF-0195,HRF-0195,-1.5710000000000015,-4.1835,2.612499999999999,South America
HRF-0196,HRF-0196,-1.7420000000000009,-3.969499999999999,2.2274999999999983,Asia
HRF-0197,HRF-0197,-14.162,-7.177,-6.985000000000001,North America
HRF-0198,HRF-0198,-4.549,-2.3856666666666655,-2.163333333333335,Asia
HRF-0199,HRF-0199,-1.4529999999999994,-1.2530000000000012,-0.19999999999999818,Asia
HRF-0200,HRF-0200,-3.599000000000001,-4.939000000000001,1.3399999999999999,Asia
HRF-0201,HRF-0201,1.7270000000000003,-0.14966666666666603,1.8766666666666663,Asia
HRF-0202,HRF-0202,0.9609999999999976,-8.252333333333336,9.213333333333335,North America
HRF-0203,HRF-0203,-0.5760000000000005,-3.5635000000000012,2.9875000000000007,Asia
HRF-0204,HRF-0204,-7.307000000000002,-4.942000000000001,-2.365000000000001,Asia
HRF-0205,HRF-0205,-3.0760000000000005,-3.722666666666669,0.6466666666666683,Asia
HRF-0206,HRF-0206,-2.9399999999999977,-2.8866666666666667,-0.05333333333333101,Oceania
HRF-0207,HRF-0207,-11.035000000000002,-4.6816666666666675,-6.353333333333334,North America
HRF-0208,HRF-0208,-7.022000000000001,-1.8995000000000006,-5.1225000000000005,North America
HRF-0209,HRF-0209,-3.261000000000003,-1.8210000000000004,-1.4400000000000024,Asia
HRF-0210,HRF-0210,-2.022,-0.30450000000000005,-1.7174999999999998,Europe
HRF-0211,HRF-0211,-1.3039999999999985,-10.390666666666666,9.086666666666668,Asia
HRF-0212,HRF-0212,1.9180000000000028,-6.3995,8.317500000000003,North America
HRF-0213,HRF-0213,-9.831,-3.851000000000001,-5.979999999999999,Europe
HRF-0214,HRF-0214,-4.533000000000001,-9.736333333333334,5.203333333333333,Europe
HRF-0215,HRF-0215,0.3069999999999986,-2.770500000000001,3.0774999999999997,Asia
HRF-0216,HRF-0216,-4.030999999999999,-4.9535,0.9225000000000012,Asia
HRF-0217,HRF-0217,-9.121,-1.7576666666666678,-7.363333333333332,Europe
HRF-0218,HRF-0218,-1.7910000000000004,-2.0885000000000007,0.2975000000000003,Oceania
HRF-0219,HRF-0219,2.3290000000000006,-5.4035,7.732500000000001,North America
HRF-0220,HRF-0220,-1.349999999999998,-0.6799999999999987,-0.6699999999999994,Oceania
HRF-0221,HRF-0221,2.7189999999999976,-3.523500000000002,6.2425,North America
HRF-0222,HRF-0222,-1.091000000000001,-1.1509999999999974,0.05999999999999628,Asia
HRF-0223,HRF-0223,-7.084000000000003,-3.9640000000000035,-3.1199999999999997,North America
HRF-0224,HRF-0224,1.817,-1.7163333333333324,3.5333333333333323,Europe
HRF-0225,HRF-0225,-3.361000000000004,-0.21600000000000286,-3.1450000000000014,Europe
HRF-0226,HRF-0226,2.548999999999996,-1.3110000000000024,3.8599999999999985,Europe
HRF-0227,HRF-0227,-2.923000000000002,-1.1030000000000015,-1.8200000000000003,Africa
HRF-0228,HRF-0228,-3.463000000000001,-1.7105000000000024,-1.7524999999999986,North America
HRF-0229,HRF-0229,-0.9010000000000034,-1.2010000000000023,0.29999999999999893,North America
HRF-0230,HRF-0230,-1.1409999999999982,-2.3559999999999994,1.2150000000000012,Africa
HRF-0231,HRF-0231,-2.789999999999999,-1.573333333333333,-1.2166666666666661,North America
HRF-0232,HRF-0232,-2.789999999999999,-1.573333333333333,-1.2166666666666661,North America
HRF-0233,HRF-0233,-2.789999999999999,-1.573333333333333,-1.2166666666666661,North America
HRF-0234,HRF-0234,-0.4100000000000001,-2.866666666666666,2.4566666666666657,North America
HRF-0235,HRF-0235,-7.511000000000003,-4.611000000000001,-2.900000000000002,North America
HRF-0236,HRF-0236,0.9140000000000016,-7.392666666666668,8.30666666666667,Europe
HRF-0237,HRF-0237,0.9140000000000016,-7.392666666666668,8.30666666666667,Europe
HRF-0238,HRF-0238,-10.787000000000004,-2.1470000000000034,-8.64,Europe
HRF-0239,HRF-0239,-6.613,-4.939666666666667,-1.6733333333333338,North America
