event_id,stratum_id,date,case,case_label,tmax_anomaly_c,heatwave_indicator
HRF-0002,HRF-0002,2000-08-27,1.0,Event day,-9.49267120361328,0.0
HRF-0002,HRF-0002,2000-08-06,0.0,Matched control day,-7.447978210449218,0.0
HRF-0002,HRF-0002,2000-08-13,0.0,Matched control day,-5.5680191040039055,0.0
HRF-0002,HRF-0002,2000-08-20,0.0,Matched control day,-7.038264465332031,0.0
HRF-0001,HRF-0001,2000-08-02,1.0,Event day,-3.603901672363282,0.0
HRF-0001,HRF-0001,2000-08-09,0.0,Matched control day,-1.121144104003907,0.0
HRF-0001,HRF-0001,2000-08-16,0.0,Matched control day,-2.524845886230469,0.0
HRF-0001,HRF-0001,2000-08-23,0.0,Matched control day,0.261820983886718,0.0
HRF-0001,HRF-0001,2000-08-30,0.0,Matched control day,-1.445301818847657,0.0
HRF-0006,HRF-0006,2002-06-02,1.0,Event day,-1.2169265747070312,0.0
HRF-0006,HRF-0006,2002-06-09,0.0,Matched control day,-4.763664245605469,0.0
HRF-0006,HRF-0006,2002-06-16,0.0,Matched control day,-1.2782363891601562,0.0
HRF-0006,HRF-0006,2002-06-23,0.0,Matched control day,-3.5996322631835938,0.0
HRF-0006,HRF-0006,2002-06-30,0.0,Matched control day,-5.728614807128906,0.0
HRF-0007,HRF-0007,2002-06-28,1.0,Event day,-1.331208801269533,0.0
HRF-0007,HRF-0007,2002-06-07,0.0,Matched control day,-2.2150283813476577,0.0
HRF-0007,HRF-0007,2002-06-14,0.0,Matched control day,-2.581544494628908,0.0
HRF-0007,HRF-0007,2002-06-21,0.0,Matched control day,-3.158433532714845,0.0
HRF-0008,HRF-0008,2003-03-05,1.0,Event day,-0.646453857421875,0.0
HRF-0008,HRF-0008,2003-03-12,0.0,Matched control day,-0.95147705078125,0.0
HRF-0008,HRF-0008,2003-03-19,0.0,Matched control day,-0.177978515625,0.0
HRF-0008,HRF-0008,2003-03-26,0.0,Matched control day,-6.110641479492188,0.0
HRF-0009,HRF-0009,2003-07-29,1.0,Event day,-5.493132019042967,0.0
HRF-0009,HRF-0009,2003-07-01,0.0,Matched control day,-7.065321350097655,0.0
HRF-0009,HRF-0009,2003-07-08,0.0,Matched control day,-3.9958175659179673,0.0
HRF-0009,HRF-0009,2003-07-15,0.0,Matched control day,2.7180801391601577,0.0
HRF-0009,HRF-0009,2003-07-22,0.0,Matched control day,-3.561109924316405,0.0
HRF-0010,HRF-0010,2003-10-17,1.0,Event day,-9.92767791748047,0.0
HRF-0010,HRF-0010,2003-10-03,0.0,Matched control day,-9.675205993652344,0.0
HRF-0010,HRF-0010,2003-10-10,0.0,Matched control day,-1.610493469238282,0.0
HRF-0010,HRF-0010,2003-10-24,0.0,Matched control day,-7.4653671264648445,0.0
HRF-0010,HRF-0010,2003-10-31,0.0,Matched control day,-5.010670471191407,0.0
HRF-0012,HRF-0012,2004-01-26,1.0,Event day,-6.009214782714846,0.0
HRF-0012,HRF-0012,2004-01-05,0.0,Matched control day,-2.4530471801757834,0.0
HRF-0012,HRF-0012,2004-01-12,0.0,Matched control day,-7.105650329589846,0.0
HRF-0012,HRF-0012,2004-01-19,0.0,Matched control day,-3.0556167602539084,0.0
HRF-0014,HRF-0014,2004-12-07,1.0,Event day,0.291545104980468,0.0
HRF-0014,HRF-0014,2004-12-14,0.0,Matched control day,-10.378392028808594,0.0
HRF-0014,HRF-0014,2004-12-21,0.0,Matched control day,-5.906834411621095,0.0
HRF-0014,HRF-0014,2004-12-28,0.0,Matched control day,-4.926350402832032,0.0
HRF-0013,HRF-0013,2004-10-17,1.0,Event day,-1.0683242797851555,0.0
HRF-0013,HRF-0013,2004-10-03,0.0,Matched control day,-0.732218933105468,0.0
HRF-0013,HRF-0013,2004-10-10,0.0,Matched control day,-0.146708679199218,0.0
HRF-0013,HRF-0013,2004-10-24,0.0,Matched control day,-1.821025085449218,0.0
HRF-0013,HRF-0013,2004-10-31,0.0,Matched control day,-2.2756912231445305,0.0
HRF-0016,HRF-0016,2005-02-12,1.0,Event day,-1.3318511962890651,0.0
HRF-0016,HRF-0016,2005-02-05,0.0,Matched control day,-6.749499511718753,0.0
HRF-0016,HRF-0016,2005-02-19,0.0,Matched control day,-6.352770996093753,0.0
HRF-0016,HRF-0016,2005-02-26,0.0,Matched control day,-9.682070922851564,0.0
HRF-0017,HRF-0017,2005-04-21,1.0,Event day,-11.352816772460937,0.0
HRF-0017,HRF-0017,2005-04-07,0.0,Matched control day,-5.919100952148437,0.0
HRF-0017,HRF-0017,2005-04-14,0.0,Matched control day,-2.2005187988281243,0.0
HRF-0017,HRF-0017,2005-04-28,0.0,Matched control day,-5.313342285156249,0.0
HRF-0019,HRF-0019,2006-05-30,1.0,Event day,5.366119384765625,0.0
HRF-0019,HRF-0019,2006-05-02,0.0,Matched control day,-18.947097778320312,0.0
HRF-0019,HRF-0019,2006-05-09,0.0,Matched control day,-11.39801025390625,0.0
HRF-0019,HRF-0019,2006-05-16,0.0,Matched control day,-7.3012847900390625,0.0
HRF-0019,HRF-0019,2006-05-23,0.0,Matched control day,-3.5926513671875,0.0
HRF-0021,HRF-0021,2007-01-18,1.0,Event day,-6.897602844238282,0.0
HRF-0021,HRF-0021,2007-01-04,0.0,Matched control day,-6.014118957519532,0.0
HRF-0021,HRF-0021,2007-01-11,0.0,Matched control day,-6.577565002441407,0.0
HRF-0021,HRF-0021,2007-01-25,0.0,Matched control day,-2.493977355957032,0.0
HRF-0022,HRF-0022,2007-08-14,1.0,Event day,-3.31437377929688,0.0
HRF-0022,HRF-0022,2007-08-07,0.0,Matched control day,-1.5224578857421918,0.0
HRF-0022,HRF-0022,2007-08-21,0.0,Matched control day,-1.7552154541015668,0.0
HRF-0022,HRF-0022,2007-08-28,0.0,Matched control day,0.9519073486328082,0.0
HRF-0023,HRF-0023,2007-08-18,1.0,Event day,-7.9801284790039055,0.0
HRF-0023,HRF-0023,2007-08-04,0.0,Matched control day,1.663166809082032,1.0
HRF-0023,HRF-0023,2007-08-11,0.0,Matched control day,-5.120249938964843,0.0
HRF-0023,HRF-0023,2007-08-25,0.0,Matched control day,0.1221359252929694,0.0
HRF-0024,HRF-0024,2007-09-23,1.0,Event day,-1.0336791992187493,0.0
HRF-0024,HRF-0024,2007-09-02,0.0,Matched control day,-2.9447204589843743,0.0
HRF-0024,HRF-0024,2007-09-09,0.0,Matched control day,-0.8460876464843743,0.0
HRF-0024,HRF-0024,2007-09-16,0.0,Matched control day,-8.271456909179687,0.0
HRF-0024,HRF-0024,2007-09-30,0.0,Matched control day,-4.570620727539062,0.0
HRF-0026,HRF-0026,2008-04-13,1.0,Event day,-7.062612915039065,0.0
HRF-0026,HRF-0026,2008-04-06,0.0,Matched control day,-12.507864379882816,0.0
HRF-0026,HRF-0026,2008-04-20,0.0,Matched control day,-3.3194793701171896,0.0
HRF-0026,HRF-0026,2008-04-27,0.0,Matched control day,1.0692535400390604,0.0
HRF-0025,HRF-0025,2008-01-25,1.0,Event day,-7.458544921874999,0.0
HRF-0025,HRF-0025,2008-01-04,0.0,Matched control day,-3.571337890625,0.0
HRF-0025,HRF-0025,2008-01-11,0.0,Matched control day,-4.467822265624999,0.0
HRF-0025,HRF-0025,2008-01-18,0.0,Matched control day,-7.270632934570312,0.0
HRF-0028,HRF-0028,2008-10-28,1.0,Event day,-5.6786651611328125,0.0
HRF-0028,HRF-0028,2008-10-07,0.0,Matched control day,0.13922119140625,1.0
HRF-0028,HRF-0028,2008-10-14,0.0,Matched control day,-0.2925262451171875,0.0
HRF-0028,HRF-0028,2008-10-21,0.0,Matched control day,-1.8518524169921875,0.0
HRF-0029,HRF-0029,2009-02-09,1.0,Event day,2.027560424804687,0.0
HRF-0029,HRF-0029,2009-02-02,0.0,Matched control day,-2.8325317382812507,0.0
HRF-0029,HRF-0029,2009-02-16,0.0,Matched control day,-9.557904052734376,0.0
HRF-0029,HRF-0029,2009-02-23,0.0,Matched control day,-7.502987670898438,0.0
HRF-0030,HRF-0030,2009-03-13,1.0,Event day,-0.9627227783203124,0.0
HRF-0030,HRF-0030,2009-03-06,0.0,Matched control day,-0.7950592041015625,0.0
HRF-0030,HRF-0030,2009-03-20,0.0,Matched control day,-1.9478302001953125,0.0
HRF-0030,HRF-0030,2009-03-27,0.0,Matched control day,-6.151412963867188,0.0
HRF-0031,HRF-0031,2009-05-01,1.0,Event day,-2.037951660156253,0.0
HRF-0031,HRF-0031,2009-05-08,0.0,Matched control day,-4.119387817382815,0.0
HRF-0031,HRF-0031,2009-05-15,0.0,Matched control day,-2.221087646484378,0.0
HRF-0031,HRF-0031,2009-05-22,0.0,Matched control day,-0.2861968994140653,0.0
HRF-0031,HRF-0031,2009-05-29,0.0,Matched control day,-0.6134979248046903,0.0
HRF-0033,HRF-0033,2009-08-15,1.0,Event day,-5.6903427124023445,0.0
HRF-0033,HRF-0033,2009-08-01,0.0,Matched control day,-1.191670227050782,0.0
HRF-0033,HRF-0033,2009-08-08,0.0,Matched control day,-5.6320236206054695,0.0
HRF-0033,HRF-0033,2009-08-22,0.0,Matched control day,-0.6894577026367195,0.0
HRF-0033,HRF-0033,2009-08-29,0.0,Matched control day,-2.9697616577148445,0.0
HRF-0032,HRF-0032,2009-07-03,1.0,Event day,-2.545443725585937,0.0
HRF-0032,HRF-0032,2009-07-10,0.0,Matched control day,-6.653002929687499,0.0
HRF-0032,HRF-0032,2009-07-17,0.0,Matched control day,-7.984042358398437,0.0
HRF-0032,HRF-0032,2009-07-24,0.0,Matched control day,-7.178225708007812,0.0
HRF-0032,HRF-0032,2009-07-31,0.0,Matched control day,-6.335223388671874,0.0
HRF-0036,HRF-0036,2010-10-01,1.0,Event day,-1.393717956542968,0.0
HRF-0036,HRF-0036,2010-10-08,0.0,Matched control day,-2.2842971801757805,0.0
HRF-0036,HRF-0036,2010-10-15,0.0,Matched control day,-4.3653518676757805,0.0
HRF-0036,HRF-0036,2010-10-22,0.0,Matched control day,-3.536265563964843,0.0
HRF-0036,HRF-0036,2010-10-29,0.0,Matched control day,-6.256877136230468,0.0
HRF-0035,HRF-0035,2010-07-06,1.0,Event day,-2.340191650390622,0.0
HRF-0035,HRF-0035,2010-07-13,0.0,Matched control day,-0.8381469726562472,0.0
HRF-0035,HRF-0035,2010-07-20,0.0,Matched control day,-1.9592864990234349,0.0
HRF-0035,HRF-0035,2010-07-27,0.0,Matched control day,-3.473797607421872,0.0
HRF-0037,HRF-0037,2010-10-14,1.0,Event day,-6.9626815795898445,0.0
HRF-0037,HRF-0037,2010-10-07,0.0,Matched control day,0.9810440063476557,0.0
HRF-0037,HRF-0037,2010-10-21,0.0,Matched control day,-12.908863830566409,0.0
HRF-0037,HRF-0037,2010-10-28,0.0,Matched control day,-9.494160461425782,0.0
HRF-0038,HRF-0038,2010-11-14,1.0,Event day,2.9626831054687486,0.0
HRF-0038,HRF-0038,2010-11-07,0.0,Matched control day,-2.9554077148437514,0.0
HRF-0038,HRF-0038,2010-11-21,0.0,Matched control day,-5.294839477539064,0.0
HRF-0038,HRF-0038,2010-11-28,0.0,Matched control day,-12.346826171875,0.0
HRF-0039,HRF-0039,2010-11-15,1.0,Event day,-8.838534545898437,0.0
HRF-0039,HRF-0039,2010-11-01,0.0,Matched control day,-3.506838989257812,0.0
HRF-0039,HRF-0039,2010-11-08,0.0,Matched control day,-3.837252807617187,0.0
HRF-0039,HRF-0039,2010-11-22,0.0,Matched control day,-6.979739379882812,0.0
HRF-0039,HRF-0039,2010-11-29,0.0,Matched control day,-4.313540649414062,0.0
HRF-0041,HRF-0041,2011-12-15,1.0,Event day,-5.9221954345703125,0.0
HRF-0041,HRF-0041,2011-12-01,0.0,Matched control day,-8.123245239257812,0.0
HRF-0041,HRF-0041,2011-12-08,0.0,Matched control day,-8.015625,0.0
HRF-0041,HRF-0041,2011-12-22,0.0,Matched control day,-5.804367065429688,0.0
HRF-0041,HRF-0041,2011-12-29,0.0,Matched control day,-6.22344970703125,0.0
HRF-0042,HRF-0042,2012-01-18,1.0,Event day,-0.8383316040039048,0.0
HRF-0042,HRF-0042,2012-01-04,0.0,Matched control day,-0.9458755493164048,0.0
HRF-0042,HRF-0042,2012-01-11,0.0,Matched control day,-3.3337387084960923,0.0
HRF-0042,HRF-0042,2012-01-25,0.0,Matched control day,-0.2482742309570298,0.0
HRF-0040,HRF-0040,2011-02-03,1.0,Event day,-4.99996948242188,0.0
HRF-0040,HRF-0040,2011-02-10,0.0,Matched control day,-13.769348144531255,0.0
HRF-0040,HRF-0040,2011-02-17,0.0,Matched control day,-6.14413452148438,0.0
HRF-0040,HRF-0040,2011-02-24,0.0,Matched control day,-6.886764526367193,0.0
HRF-0043,HRF-0043,2012-01-18,1.0,Event day,-3.746528625488281,0.0
HRF-0043,HRF-0043,2012-01-04,0.0,Matched control day,-3.2280807495117188,0.0
HRF-0043,HRF-0043,2012-01-11,0.0,Matched control day,0.9513931274414062,0.0
HRF-0043,HRF-0043,2012-01-25,0.0,Matched control day,-6.710380554199219,0.0
HRF-0044,HRF-0044,2012-03-03,1.0,Event day,-1.6062561035156264,0.0
HRF-0044,HRF-0044,2012-03-10,0.0,Matched control day,-4.756875610351564,0.0
HRF-0044,HRF-0044,2012-03-17,0.0,Matched control day,-1.6590515136718764,0.0
HRF-0044,HRF-0044,2012-03-24,0.0,Matched control day,-1.557046508789064,0.0
HRF-0044,HRF-0044,2012-03-31,0.0,Matched control day,1.2397827148437486,0.0
HRF-0045,HRF-0045,2012-04-02,1.0,Event day,-17.536331176757812,0.0
HRF-0045,HRF-0045,2012-04-09,0.0,Matched control day,-13.81756591796875,0.0
HRF-0045,HRF-0045,2012-04-16,0.0,Matched control day,-3.0346221923828125,0.0
HRF-0045,HRF-0045,2012-04-23,0.0,Matched control day,0.1272430419921875,0.0
HRF-0045,HRF-0045,2012-04-30,0.0,Matched control day,-4.610992431640625,0.0
HRF-0046,HRF-0046,2012-04-28,1.0,Event day,-1.7579788208007798,0.0
HRF-0046,HRF-0046,2012-04-07,0.0,Matched control day,-3.083937072753905,0.0
HRF-0046,HRF-0046,2012-04-14,0.0,Matched control day,-7.37541046142578,0.0
HRF-0046,HRF-0046,2012-04-21,0.0,Matched control day,-7.22099151611328,0.0
HRF-0047,HRF-0047,2012-05-14,1.0,Event day,-7.714263916015625,0.0
HRF-0047,HRF-0047,2012-05-07,0.0,Matched control day,-8.485260009765625,0.0
HRF-0047,HRF-0047,2012-05-21,0.0,Matched control day,-7.5673980712890625,0.0
HRF-0047,HRF-0047,2012-05-28,0.0,Matched control day,0.6056976318359375,0.0
HRF-0049,HRF-0049,2012-09-06,1.0,Event day,-1.0372131347656293,0.0
HRF-0049,HRF-0049,2012-09-13,0.0,Matched control day,-2.9430511474609418,0.0
HRF-0049,HRF-0049,2012-09-20,0.0,Matched control day,-4.876202392578129,0.0
HRF-0049,HRF-0049,2012-09-27,0.0,Matched control day,-0.0113037109375042,0.0
HRF-0048,HRF-0048,2012-07-17,1.0,Event day,-2.5898071289062514,0.0
HRF-0048,HRF-0048,2012-07-03,0.0,Matched control day,-2.9421325683593764,0.0
HRF-0048,HRF-0048,2012-07-10,0.0,Matched control day,0.4350646972656236,0.0
HRF-0048,HRF-0048,2012-07-24,0.0,Matched control day,0.7302612304687486,0.0
HRF-0048,HRF-0048,2012-07-31,0.0,Matched control day,0.1493286132812485,0.0
HRF-0050,HRF-0050,2012-10-06,1.0,Event day,0.5355804443359347,0.0
HRF-0050,HRF-0050,2012-10-13,0.0,Matched control day,-3.012316894531253,0.0
HRF-0050,HRF-0050,2012-10-20,0.0,Matched control day,-2.5564605712890653,0.0
HRF-0050,HRF-0050,2012-10-27,0.0,Matched control day,-3.3130218505859403,0.0
HRF-0051,HRF-0051,2012-11-18,1.0,Event day,-4.492895507812499,0.0
HRF-0051,HRF-0051,2012-11-04,0.0,Matched control day,-0.6881011962890611,0.0
HRF-0051,HRF-0051,2012-11-11,0.0,Matched control day,-1.5910400390624986,0.0
HRF-0051,HRF-0051,2012-11-25,0.0,Matched control day,-3.8308471679687486,0.0
HRF-0052,HRF-0052,2013-01-25,1.0,Event day,-13.472911071777345,0.0
HRF-0052,HRF-0052,2013-01-04,0.0,Matched control day,-1.7330276489257816,0.0
HRF-0052,HRF-0052,2013-01-11,0.0,Matched control day,-13.649928283691407,0.0
HRF-0052,HRF-0052,2013-01-18,0.0,Matched control day,-11.914546203613282,0.0
HRF-0053,HRF-0053,2013-01-31,1.0,Event day,1.2261337280273423,0.0
HRF-0053,HRF-0053,2013-01-03,0.0,Matched control day,-3.315797424316408,0.0
HRF-0053,HRF-0053,2013-01-10,0.0,Matched control day,0.4722427368164048,0.0
HRF-0053,HRF-0053,2013-01-17,0.0,Matched control day,-3.47438201904297,0.0
HRF-0053,HRF-0053,2013-01-24,0.0,Matched control day,-3.9405838012695327,0.0
HRF-0055,HRF-0055,2013-04-22,1.0,Event day,-4.73332061767578,0.0
HRF-0055,HRF-0055,2013-04-01,0.0,Matched control day,-6.519041442871092,0.0
HRF-0055,HRF-0055,2013-04-08,0.0,Matched control day,-11.410475158691405,0.0
HRF-0055,HRF-0055,2013-04-15,0.0,Matched control day,-1.7112411499023423,0.0
HRF-0055,HRF-0055,2013-04-29,0.0,Matched control day,-8.808012390136717,0.0
HRF-0054,HRF-0054,2013-04-03,1.0,Event day,-2.8820434570312514,0.0
HRF-0054,HRF-0054,2013-04-10,0.0,Matched control day,-8.097421264648439,0.0
HRF-0054,HRF-0054,2013-04-17,0.0,Matched control day,-13.841455078125,0.0
HRF-0054,HRF-0054,2013-04-24,0.0,Matched control day,-11.924874877929687,0.0
HRF-0056,HRF-0056,2013-11-04,1.0,Event day,-1.4142608642578125,0.0
HRF-0056,HRF-0056,2013-11-11,0.0,Matched control day,-2.276123046875,0.0
HRF-0056,HRF-0056,2013-11-18,0.0,Matched control day,-1.688873291015625,0.0
HRF-0056,HRF-0056,2013-11-25,0.0,Matched control day,-2.30865478515625,0.0
HRF-0058,HRF-0058,2013-12-15,1.0,Event day,-11.47936401367188,0.0
HRF-0058,HRF-0058,2013-12-01,0.0,Matched control day,-3.8066192626953175,0.0
HRF-0058,HRF-0058,2013-12-08,0.0,Matched control day,-1.192590332031255,0.0
HRF-0058,HRF-0058,2013-12-22,0.0,Matched control day,-10.362405395507816,0.0
HRF-0058,HRF-0058,2013-12-29,0.0,Matched control day,-10.31951293945313,0.0
HRF-0059,HRF-0059,2014-01-05,1.0,Event day,-9.584266662597656,0.0
HRF-0059,HRF-0059,2014-01-12,0.0,Matched control day,1.9845504760742188,0.0
HRF-0059,HRF-0059,2014-01-19,0.0,Matched control day,-8.371101379394531,0.0
HRF-0059,HRF-0059,2014-01-26,0.0,Matched control day,-16.03668975830078,0.0
HRF-0057,HRF-0057,2013-11-12,1.0,Event day,-0.9020965576171882,0.0
HRF-0057,HRF-0057,2013-11-05,0.0,Matched control day,-1.7143676757812507,0.0
HRF-0057,HRF-0057,2013-11-19,0.0,Matched control day,-2.0161865234375007,0.0
HRF-0057,HRF-0057,2013-11-26,0.0,Matched control day,-2.289669799804688,0.0
HRF-0061,HRF-0061,2014-03-15,1.0,Event day,-3.7871215820312494,0.0
HRF-0061,HRF-0061,2014-03-01,0.0,Matched control day,-14.02259521484375,0.0
HRF-0061,HRF-0061,2014-03-08,0.0,Matched control day,-5.824124145507813,0.0
HRF-0061,HRF-0061,2014-03-22,0.0,Matched control day,-0.2835662841796882,0.0
HRF-0061,HRF-0061,2014-03-29,0.0,Matched control day,-4.717495727539063,0.0
HRF-0060,HRF-0060,2014-03-14,1.0,Event day,-9.883885192871094,0.0
HRF-0060,HRF-0060,2014-03-07,0.0,Matched control day,-13.377980041503909,0.0
HRF-0060,HRF-0060,2014-03-21,0.0,Matched control day,-6.076283264160157,0.0
HRF-0060,HRF-0060,2014-03-28,0.0,Matched control day,-0.993977355957032,0.0
HRF-0062,HRF-0062,2014-07-18,1.0,Event day,-1.0779144287109368,0.0
HRF-0062,HRF-0062,2014-07-04,0.0,Matched control day,-0.8614532470703118,0.0
HRF-0062,HRF-0062,2014-07-11,0.0,Matched control day,-1.7638427734374993,0.0
HRF-0062,HRF-0062,2014-07-25,0.0,Matched control day,-1.0069763183593743,0.0
HRF-0063,HRF-0063,2014-09-21,1.0,Event day,-13.338046264648437,0.0
HRF-0063,HRF-0063,2014-09-07,0.0,Matched control day,-4.320147705078124,0.0
HRF-0063,HRF-0063,2014-09-14,0.0,Matched control day,-6.165972900390624,0.0
HRF-0063,HRF-0063,2014-09-28,0.0,Matched control day,-14.990420532226562,0.0
HRF-0064,HRF-0064,2014-11-25,1.0,Event day,-9.294932556152345,0.0
HRF-0064,HRF-0064,2014-11-04,0.0,Matched control day,-1.2411758422851555,0.0
HRF-0064,HRF-0064,2014-11-11,0.0,Matched control day,-11.352305603027345,0.0
HRF-0064,HRF-0064,2014-11-18,0.0,Matched control day,-11.144450378417968,0.0
HRF-0065,HRF-0065,2014-12-28,1.0,Event day,-15.729019165039062,0.0
HRF-0065,HRF-0065,2014-12-07,0.0,Matched control day,-7.1492767333984375,0.0
HRF-0065,HRF-0065,2014-12-14,0.0,Matched control day,-0.420623779296875,0.0
HRF-0065,HRF-0065,2014-12-21,0.0,Matched control day,-8.899810791015625,0.0
HRF-0066,HRF-0066,2015-02-21,1.0,Event day,0.7929504394531257,1.0
HRF-0066,HRF-0066,2015-02-07,0.0,Matched control day,-5.616320800781249,0.0
HRF-0066,HRF-0066,2015-02-14,0.0,Matched control day,1.9083374023437507,1.0
HRF-0066,HRF-0066,2015-02-28,0.0,Matched control day,-7.118594360351562,0.0
HRF-0067,HRF-0067,2015-03-10,1.0,Event day,-1.6046188354492197,0.0
HRF-0067,HRF-0067,2015-03-03,0.0,Matched control day,-1.810414123535157,0.0
HRF-0067,HRF-0067,2015-03-17,0.0,Matched control day,0.219676208496093,0.0
HRF-0067,HRF-0067,2015-03-24,0.0,Matched control day,-1.7796371459960945,0.0
HRF-0067,HRF-0067,2015-03-31,0.0,Matched control day,0.021678161621093,0.0
HRF-0068,HRF-0068,2015-03-17,1.0,Event day,-0.0667053222656264,0.0
HRF-0068,HRF-0068,2015-03-03,0.0,Matched control day,-6.441079711914064,0.0
HRF-0068,HRF-0068,2015-03-10,0.0,Matched control day,-5.126931762695314,0.0
HRF-0068,HRF-0068,2015-03-24,0.0,Matched control day,-7.586785888671876,0.0
HRF-0068,HRF-0068,2015-03-31,0.0,Matched control day,-4.163644409179689,0.0
HRF-0070,HRF-0070,2015-05-19,1.0,Event day,-1.5754974365234382,0.0
HRF-0070,HRF-0070,2015-05-05,0.0,Matched control day,-8.199734497070313,0.0
HRF-0070,HRF-0070,2015-05-12,0.0,Matched control day,-6.886395263671876,0.0
HRF-0070,HRF-0070,2015-05-26,0.0,Matched control day,0.7353393554687493,0.0
HRF-0069,HRF-0069,2015-04-15,1.0,Event day,-0.8738479614257812,0.0
HRF-0069,HRF-0069,2015-04-01,0.0,Matched control day,-3.3228836059570312,0.0
HRF-0069,HRF-0069,2015-04-08,0.0,Matched control day,-1.1302108764648438,0.0
HRF-0069,HRF-0069,2015-04-22,0.0,Matched control day,0.0376205444335937,0.0
HRF-0069,HRF-0069,2015-04-29,0.0,Matched control day,-1.4426651000976562,0.0
HRF-0072,HRF-0072,2015-10-01,1.0,Event day,-0.6098236083984361,0.0
HRF-0072,HRF-0072,2015-10-08,0.0,Matched control day,1.3390441894531264,1.0
HRF-0072,HRF-0072,2015-10-15,0.0,Matched control day,-1.809469604492186,0.0
HRF-0072,HRF-0072,2015-10-22,0.0,Matched control day,-1.0822204589843736,0.0
HRF-0072,HRF-0072,2015-10-29,0.0,Matched control day,-3.266531372070311,0.0
HRF-0071,HRF-0071,2015-07-25,1.0,Event day,-4.811875915527345,0.0
HRF-0071,HRF-0071,2015-07-04,0.0,Matched control day,-1.684297180175783,0.0
HRF-0071,HRF-0071,2015-07-11,0.0,Matched control day,-7.69062957763672,0.0
HRF-0071,HRF-0071,2015-07-18,0.0,Matched control day,-3.96156463623047,0.0
HRF-0074,HRF-0074,2015-12-08,1.0,Event day,-0.1591110229492187,0.0
HRF-0074,HRF-0074,2015-12-01,0.0,Matched control day,-0.9291915893554688,0.0
HRF-0074,HRF-0074,2015-12-15,0.0,Matched control day,0.2034530639648437,0.0
HRF-0074,HRF-0074,2015-12-22,0.0,Matched control day,0.4606246948242187,1.0
HRF-0074,HRF-0074,2015-12-29,0.0,Matched control day,-0.7620468139648438,0.0
HRF-0073,HRF-0073,2015-11-21,1.0,Event day,-10.38361358642578,0.0
HRF-0073,HRF-0073,2015-11-07,0.0,Matched control day,-4.272544860839844,0.0
HRF-0073,HRF-0073,2015-11-14,0.0,Matched control day,-2.7595748901367188,0.0
HRF-0073,HRF-0073,2015-11-28,0.0,Matched control day,-11.300697326660156,0.0
HRF-0076,HRF-0076,2016-01-12,1.0,Event day,-4.428762817382813,0.0
HRF-0076,HRF-0076,2016-01-05,0.0,Matched control day,-2.394583129882813,0.0
HRF-0076,HRF-0076,2016-01-19,0.0,Matched control day,-10.395681762695313,0.0
HRF-0076,HRF-0076,2016-01-26,0.0,Matched control day,-0.938314819335938,0.0
HRF-0075,HRF-0075,2015-12-31,1.0,Event day,-2.0784957885742195,0.0
HRF-0075,HRF-0075,2015-12-03,0.0,Matched control day,-1.071705627441407,0.0
HRF-0075,HRF-0075,2015-12-10,0.0,Matched control day,-4.14392547607422,0.0
HRF-0075,HRF-0075,2015-12-17,0.0,Matched control day,-4.662205505371095,0.0
HRF-0075,HRF-0075,2015-12-24,0.0,Matched control day,-0.901783752441407,0.0
HRF-0077,HRF-0077,2016-01-13,1.0,Event day,-4.265744018554688,0.0
HRF-0077,HRF-0077,2016-01-06,0.0,Matched control day,-2.4654357910156257,0.0
HRF-0077,HRF-0077,2016-01-20,0.0,Matched control day,-9.693768310546876,0.0
HRF-0077,HRF-0077,2016-01-27,0.0,Matched control day,-0.0002410888671882,0.0
HRF-0079,HRF-0079,2016-05-03,1.0,Event day,-6.312852478027345,0.0
HRF-0079,HRF-0079,2016-05-10,0.0,Matched control day,-9.399644470214843,0.0
HRF-0079,HRF-0079,2016-05-17,0.0,Matched control day,-6.369554138183595,0.0
HRF-0079,HRF-0079,2016-05-24,0.0,Matched control day,-4.778382873535158,0.0
HRF-0079,HRF-0079,2016-05-31,0.0,Matched control day,-2.9194656372070327,0.0
HRF-0078,HRF-0078,2016-03-28,1.0,Event day,1.406332397460936,0.0
HRF-0078,HRF-0078,2016-03-07,0.0,Matched control day,-3.835549926757814,0.0
HRF-0078,HRF-0078,2016-03-14,0.0,Matched control day,-5.335885620117189,0.0
HRF-0078,HRF-0078,2016-03-21,0.0,Matched control day,-2.8253112792968764,0.0
HRF-0080,HRF-0080,2016-06-01,1.0,Event day,-7.433189392089844,0.0
HRF-0080,HRF-0080,2016-06-08,0.0,Matched control day,-4.286827087402344,0.0
HRF-0080,HRF-0080,2016-06-15,0.0,Matched control day,-8.576408386230469,0.0
HRF-0080,HRF-0080,2016-06-22,0.0,Matched control day,0.1247634887695312,0.0
HRF-0080,HRF-0080,2016-06-29,0.0,Matched control day,-5.978752136230469,0.0
HRF-0081,HRF-0081,2016-07-20,1.0,Event day,-1.906048583984372,0.0
HRF-0081,HRF-0081,2016-07-06,0.0,Matched control day,-3.703549194335935,0.0
HRF-0081,HRF-0081,2016-07-13,0.0,Matched control day,-2.90267639160156,0.0
HRF-0081,HRF-0081,2016-07-27,0.0,Matched control day,-3.123608398437497,0.0
HRF-0082,HRF-0082,2016-08-19,1.0,Event day,-6.340240478515625,0.0
HRF-0082,HRF-0082,2016-08-05,0.0,Matched control day,-3.0728302001953125,0.0
HRF-0082,HRF-0082,2016-08-12,0.0,Matched control day,-1.3209381103515625,0.0
HRF-0082,HRF-0082,2016-08-26,0.0,Matched control day,-1.0227813720703125,0.0
HRF-0083,HRF-0083,2016-11-09,1.0,Event day,-3.0453811645507827,0.0
HRF-0083,HRF-0083,2016-11-02,0.0,Matched control day,-2.56880340576172,0.0
HRF-0083,HRF-0083,2016-11-16,0.0,Matched control day,-1.4984909057617202,0.0
HRF-0083,HRF-0083,2016-11-23,0.0,Matched control day,-1.5866867065429702,0.0
HRF-0083,HRF-0083,2016-11-30,0.0,Matched control day,-2.3097244262695327,0.0
HRF-0085,HRF-0085,2016-12-13,1.0,Event day,-4.295796203613282,0.0
HRF-0085,HRF-0085,2016-12-06,0.0,Matched control day,1.0700942993164055,1.0
HRF-0085,HRF-0085,2016-12-20,0.0,Matched control day,-2.878010559082032,0.0
HRF-0085,HRF-0085,2016-12-27,0.0,Matched control day,-0.2219741821289069,0.0
HRF-0084,HRF-0084,2016-12-01,1.0,Event day,0.5809783935546875,0.0
HRF-0084,HRF-0084,2016-12-08,0.0,Matched control day,-1.0785369873046875,0.0
HRF-0084,HRF-0084,2016-12-15,0.0,Matched control day,-1.71905517578125,0.0
HRF-0084,HRF-0084,2016-12-22,0.0,Matched control day,-2.367889404296875,0.0
HRF-0084,HRF-0084,2016-12-29,0.0,Matched control day,-2.2186737060546875,0.0
HRF-0086,HRF-0086,2017-01-19,1.0,Event day,-2.9461730957031254,0.0
HRF-0086,HRF-0086,2017-01-05,0.0,Matched control day,-6.043264770507813,0.0
HRF-0086,HRF-0086,2017-01-12,0.0,Matched control day,-2.010702514648438,0.0
HRF-0086,HRF-0086,2017-01-26,0.0,Matched control day,-1.289083862304688,0.0
HRF-0087,HRF-0087,2017-03-02,1.0,Event day,-4.927455139160159,0.0
HRF-0087,HRF-0087,2017-03-09,0.0,Matched control day,-5.872096252441409,0.0
HRF-0087,HRF-0087,2017-03-16,0.0,Matched control day,-2.8885299682617216,0.0
HRF-0087,HRF-0087,2017-03-23,0.0,Matched control day,-5.078349304199222,0.0
HRF-0087,HRF-0087,2017-03-30,0.0,Matched control day,-2.8266708374023466,0.0
HRF-0088,HRF-0088,2017-06-14,1.0,Event day,-2.4458465576171875,0.0
HRF-0088,HRF-0088,2017-06-07,0.0,Matched control day,-2.703857421875,0.0
HRF-0088,HRF-0088,2017-06-21,0.0,Matched control day,0.2680206298828125,0.0
HRF-0088,HRF-0088,2017-06-28,0.0,Matched control day,-0.2821044921875,0.0
HRF-0089,HRF-0089,2017-06-14,1.0,Event day,0.4091476440429673,0.0
HRF-0089,HRF-0089,2017-06-07,0.0,Matched control day,-6.340867614746095,0.0
HRF-0089,HRF-0089,2017-06-21,0.0,Matched control day,7.075514221191405,0.0
HRF-0089,HRF-0089,2017-06-28,0.0,Matched control day,-6.711824035644533,0.0
HRF-0090,HRF-0090,2017-07-14,1.0,Event day,-0.1005599975585944,0.0
HRF-0090,HRF-0090,2017-07-07,0.0,Matched control day,-0.627095031738282,0.0
HRF-0090,HRF-0090,2017-07-21,0.0,Matched control day,-0.3489120483398444,0.0
HRF-0090,HRF-0090,2017-07-28,0.0,Matched control day,-0.1321914672851569,0.0
HRF-0091,HRF-0091,2017-07-22,1.0,Event day,-2.8677612304687514,0.0
HRF-0091,HRF-0091,2017-07-01,0.0,Matched control day,-3.0191894531250014,0.0
HRF-0091,HRF-0091,2017-07-08,0.0,Matched control day,1.464285278320311,1.0
HRF-0091,HRF-0091,2017-07-15,0.0,Matched control day,-7.314920043945314,0.0
HRF-0091,HRF-0091,2017-07-29,0.0,Matched control day,-1.3337341308593764,0.0
HRF-0092,HRF-0092,2017-08-04,1.0,Event day,-0.2644485473632798,0.0
HRF-0092,HRF-0092,2017-08-11,0.0,Matched control day,0.2499710083007826,1.0
HRF-0092,HRF-0092,2017-08-18,0.0,Matched control day,-3.28623809814453,0.0
HRF-0092,HRF-0092,2017-08-25,0.0,Matched control day,-4.42570343017578,0.0
HRF-0093,HRF-0093,2017-12-30,1.0,Event day,-2.590303039550781,0.0
HRF-0093,HRF-0093,2017-12-02,0.0,Matched control day,-3.379762268066406,0.0
HRF-0093,HRF-0093,2017-12-09,0.0,Matched control day,-8.761247253417968,0.0
HRF-0093,HRF-0093,2017-12-16,0.0,Matched control day,-7.213059997558593,0.0
HRF-0093,HRF-0093,2017-12-23,0.0,Matched control day,-2.560304260253906,0.0
HRF-0094,HRF-0094,2018-02-01,1.0,Event day,-7.71408386230469,0.0
HRF-0094,HRF-0094,2018-02-08,0.0,Matched control day,-8.551501464843753,0.0
HRF-0094,HRF-0094,2018-02-15,0.0,Matched control day,-9.06796569824219,0.0
HRF-0094,HRF-0094,2018-02-22,0.0,Matched control day,-1.5038330078125028,0.0
HRF-0095,HRF-0095,2018-02-11,1.0,Event day,-11.338609313964843,0.0
HRF-0095,HRF-0095,2018-02-04,0.0,Matched control day,-5.05360565185547,0.0
HRF-0095,HRF-0095,2018-02-18,0.0,Matched control day,-3.789659118652345,0.0
HRF-0095,HRF-0095,2018-02-25,0.0,Matched control day,0.0387405395507798,0.0
HRF-0096,HRF-0096,2018-04-05,1.0,Event day,-2.3347610473632834,0.0
HRF-0096,HRF-0096,2018-04-12,0.0,Matched control day,-1.4666580200195334,0.0
HRF-0096,HRF-0096,2018-04-19,0.0,Matched control day,-1.6639846801757834,0.0
HRF-0096,HRF-0096,2018-04-26,0.0,Matched control day,4.977189636230467,0.0
HRF-0097,HRF-0097,2018-04-07,1.0,Event day,-11.582644653320312,0.0
HRF-0097,HRF-0097,2018-04-14,0.0,Matched control day,1.6572387695312507,0.0
HRF-0097,HRF-0097,2018-04-21,0.0,Matched control day,-7.454928588867187,0.0
HRF-0097,HRF-0097,2018-04-28,0.0,Matched control day,-4.142337036132812,0.0
HRF-0098,HRF-0098,2018-04-30,1.0,Event day,-3.88487091064453,0.0
HRF-0098,HRF-0098,2018-04-02,0.0,Matched control day,-6.776686096191405,0.0
HRF-0098,HRF-0098,2018-04-09,0.0,Matched control day,-5.549757385253905,0.0
HRF-0098,HRF-0098,2018-04-16,0.0,Matched control day,-5.34312286376953,0.0
HRF-0098,HRF-0098,2018-04-23,0.0,Matched control day,-3.940870666503905,0.0
HRF-0100,HRF-0100,2018-05-01,1.0,Event day,-0.851002502441407,0.0
HRF-0100,HRF-0100,2018-05-08,0.0,Matched control day,-4.4527938842773445,0.0
HRF-0100,HRF-0100,2018-05-15,0.0,Matched control day,0.0062210083007805,0.0
HRF-0100,HRF-0100,2018-05-22,0.0,Matched control day,-3.95544891357422,0.0
HRF-0100,HRF-0100,2018-05-29,0.0,Matched control day,-3.78577117919922,0.0
HRF-0101,HRF-0101,2018-05-13,1.0,Event day,1.723898315429686,0.0
HRF-0101,HRF-0101,2018-05-06,0.0,Matched control day,-5.089044189453126,0.0
HRF-0101,HRF-0101,2018-05-20,0.0,Matched control day,-4.556130981445314,0.0
HRF-0101,HRF-0101,2018-05-27,0.0,Matched control day,-3.330697631835939,0.0
HRF-0099,HRF-0099,2018-04-30,1.0,Event day,-2.5410690307617188,0.0
HRF-0099,HRF-0099,2018-04-02,0.0,Matched control day,-8.221885681152344,0.0
HRF-0099,HRF-0099,2018-04-09,0.0,Matched control day,-5.458549499511719,0.0
HRF-0099,HRF-0099,2018-04-16,0.0,Matched control day,-4.773963928222656,0.0
HRF-0099,HRF-0099,2018-04-23,0.0,Matched control day,0.0592422485351562,0.0
HRF-0102,HRF-0102,2018-07-22,1.0,Event day,-0.2733642578125028,0.0
HRF-0102,HRF-0102,2018-07-01,0.0,Matched control day,2.111187744140622,0.0
HRF-0102,HRF-0102,2018-07-08,0.0,Matched control day,0.2421539306640596,0.0
HRF-0102,HRF-0102,2018-07-15,0.0,Matched control day,-0.9584533691406278,0.0
HRF-0102,HRF-0102,2018-07-29,0.0,Matched control day,-1.3230163574218778,0.0
HRF-0104,HRF-0104,2019-01-12,1.0,Event day,-2.943563842773438,0.0
HRF-0104,HRF-0104,2019-01-05,0.0,Matched control day,-5.6352294921875,0.0
HRF-0104,HRF-0104,2019-01-19,0.0,Matched control day,-8.882101440429688,0.0
HRF-0104,HRF-0104,2019-01-26,0.0,Matched control day,-3.2859863281250004,0.0
HRF-0103,HRF-0103,2018-09-05,1.0,Event day,-1.4856719970703125,0.0
HRF-0103,HRF-0103,2018-09-12,0.0,Matched control day,-3.346771240234375,0.0
HRF-0103,HRF-0103,2018-09-19,0.0,Matched control day,2.93621826171875,0.0
HRF-0103,HRF-0103,2018-09-26,0.0,Matched control day,1.1864166259765625,0.0
HRF-0105,HRF-0105,2019-02-04,1.0,Event day,-8.602130126953128,0.0
HRF-0105,HRF-0105,2019-02-11,0.0,Matched control day,-6.42611999511719,0.0
HRF-0105,HRF-0105,2019-02-18,0.0,Matched control day,-8.677600097656253,0.0
HRF-0105,HRF-0105,2019-02-25,0.0,Matched control day,0.6899536132812472,0.0
HRF-0106,HRF-0106,2019-02-05,1.0,Event day,-5.601254272460938,0.0
HRF-0106,HRF-0106,2019-02-12,0.0,Matched control day,-5.297787475585938,0.0
HRF-0106,HRF-0106,2019-02-19,0.0,Matched control day,-1.0808532714843757,0.0
HRF-0106,HRF-0106,2019-02-26,0.0,Matched control day,3.973300170898437,0.0
HRF-0108,HRF-0108,2019-03-28,1.0,Event day,-2.3088836669921875,0.0
HRF-0108,HRF-0108,2019-03-07,0.0,Matched control day,-7.83026123046875,0.0
HRF-0108,HRF-0108,2019-03-14,0.0,Matched control day,-1.8457183837890625,0.0
HRF-0108,HRF-0108,2019-03-21,0.0,Matched control day,-0.85650634765625,0.0
HRF-0109,HRF-0109,2019-05-24,1.0,Event day,3.760633850097655,0.0
HRF-0109,HRF-0109,2019-05-03,0.0,Matched control day,-5.139039611816408,0.0
HRF-0109,HRF-0109,2019-05-10,0.0,Matched control day,-3.0350662231445327,0.0
HRF-0109,HRF-0109,2019-05-17,0.0,Matched control day,-3.548707580566408,0.0
HRF-0109,HRF-0109,2019-05-31,0.0,Matched control day,-3.94081268310547,0.0
HRF-0107,HRF-0107,2019-03-14,1.0,Event day,-1.2958953857421882,0.0
HRF-0107,HRF-0107,2019-03-07,0.0,Matched control day,-10.997463989257811,0.0
HRF-0107,HRF-0107,2019-03-21,0.0,Matched control day,-9.7251708984375,0.0
HRF-0107,HRF-0107,2019-03-28,0.0,Matched control day,-4.212734985351563,0.0
HRF-0110,HRF-0110,2019-05-29,1.0,Event day,-3.919969177246095,0.0
HRF-0110,HRF-0110,2019-05-01,0.0,Matched control day,-7.799440002441408,0.0
HRF-0110,HRF-0110,2019-05-08,0.0,Matched control day,-10.300157165527343,0.0
HRF-0110,HRF-0110,2019-05-15,0.0,Matched control day,-3.52504119873047,0.0
HRF-0110,HRF-0110,2019-05-22,0.0,Matched control day,3.0999130249023423,0.0
HRF-0111,HRF-0111,2019-06-07,1.0,Event day,-0.8791931152343757,0.0
HRF-0111,HRF-0111,2019-06-14,0.0,Matched control day,1.6175567626953118,0.0
HRF-0111,HRF-0111,2019-06-21,0.0,Matched control day,0.7654449462890618,0.0
HRF-0111,HRF-0111,2019-06-28,0.0,Matched control day,-4.759365844726563,0.0
HRF-0112,HRF-0112,2019-06-10,1.0,Event day,-11.309539794921877,0.0
HRF-0112,HRF-0112,2019-06-03,0.0,Matched control day,-9.582321166992188,0.0
HRF-0112,HRF-0112,2019-06-17,0.0,Matched control day,-8.122879028320312,0.0
HRF-0112,HRF-0112,2019-06-24,0.0,Matched control day,-2.8534698486328125,0.0
HRF-0113,HRF-0113,2019-08-14,1.0,Event day,-8.429467773437501,0.0
HRF-0113,HRF-0113,2019-08-07,0.0,Matched control day,-1.4375549316406264,0.0
HRF-0113,HRF-0113,2019-08-21,0.0,Matched control day,-8.331903076171876,0.0
HRF-0113,HRF-0113,2019-08-28,0.0,Matched control day,1.7818969726562486,0.0
HRF-0114,HRF-0114,2019-11-14,1.0,Event day,-6.567658996582031,0.0
HRF-0114,HRF-0114,2019-11-07,0.0,Matched control day,-4.758668518066406,0.0
HRF-0114,HRF-0114,2019-11-21,0.0,Matched control day,-4.425553894042968,0.0
HRF-0114,HRF-0114,2019-11-28,0.0,Matched control day,-3.521882629394531,0.0
HRF-0116,HRF-0116,2019-11-27,1.0,Event day,-6.425373840332032,0.0
HRF-0116,HRF-0116,2019-11-06,0.0,Matched control day,-2.637684631347657,0.0
HRF-0116,HRF-0116,2019-11-13,0.0,Matched control day,-6.084614562988282,0.0
HRF-0116,HRF-0116,2019-11-20,0.0,Matched control day,-4.951466369628907,0.0
HRF-0115,HRF-0115,2019-11-16,1.0,Event day,-4.138861083984375,0.0
HRF-0115,HRF-0115,2019-11-02,0.0,Matched control day,-0.1338562011718753,0.0
HRF-0115,HRF-0115,2019-11-09,0.0,Matched control day,-8.437490844726563,0.0
HRF-0115,HRF-0115,2019-11-23,0.0,Matched control day,-4.366140747070313,0.0
HRF-0115,HRF-0115,2019-11-30,0.0,Matched control day,-8.260122680664063,0.0
HRF-0117,HRF-0117,2019-12-06,1.0,Event day,-7.373367309570312,0.0
HRF-0117,HRF-0117,2019-12-13,0.0,Matched control day,-1.757904052734375,0.0
HRF-0117,HRF-0117,2019-12-20,0.0,Matched control day,1.99688720703125,0.0
HRF-0117,HRF-0117,2019-12-27,0.0,Matched control day,-2.640411376953125,0.0
HRF-0118,HRF-0118,2020-05-05,1.0,Event day,-6.501963806152347,0.0
HRF-0118,HRF-0118,2020-05-12,0.0,Matched control day,-6.864405822753909,0.0
HRF-0118,HRF-0118,2020-05-19,0.0,Matched control day,-1.599482727050784,0.0
HRF-0118,HRF-0118,2020-05-26,0.0,Matched control day,-3.149012756347659,0.0
HRF-0119,HRF-0119,2020-07-13,1.0,Event day,-1.5890945434570298,0.0
HRF-0119,HRF-0119,2020-07-06,0.0,Matched control day,-1.017240905761717,0.0
HRF-0119,HRF-0119,2020-07-20,0.0,Matched control day,-0.2344802856445298,0.0
HRF-0119,HRF-0119,2020-07-27,0.0,Matched control day,-1.7347396850585923,0.0
HRF-0120,HRF-0120,2020-07-27,1.0,Event day,0.0955642700195298,0.0
HRF-0120,HRF-0120,2020-07-06,0.0,Matched control day,-0.8938766479492202,0.0
HRF-0120,HRF-0120,2020-07-13,0.0,Matched control day,-4.26454315185547,0.0
HRF-0120,HRF-0120,2020-07-20,0.0,Matched control day,0.7730545043945298,0.0
HRF-0123,HRF-0123,2020-10-08,1.0,Event day,-2.9968383789062507,0.0
HRF-0123,HRF-0123,2020-10-01,0.0,Matched control day,-0.5143402099609382,0.0
HRF-0123,HRF-0123,2020-10-15,0.0,Matched control day,-6.049008178710938,0.0
HRF-0123,HRF-0123,2020-10-22,0.0,Matched control day,-5.564038085937501,0.0
HRF-0123,HRF-0123,2020-10-29,0.0,Matched control day,-8.422222900390626,0.0
HRF-0124,HRF-0124,2020-11-12,1.0,Event day,-1.9868270874023464,0.0
HRF-0124,HRF-0124,2020-11-05,0.0,Matched control day,-3.979762268066409,0.0
HRF-0124,HRF-0124,2020-11-19,0.0,Matched control day,-1.5812789916992216,0.0
HRF-0124,HRF-0124,2020-11-26,0.0,Matched control day,-0.8126632690429716,0.0
HRF-0125,HRF-0125,2020-11-18,1.0,Event day,-1.7090408325195303,0.0
HRF-0125,HRF-0125,2020-11-04,0.0,Matched control day,-6.7169448852539055,0.0
HRF-0125,HRF-0125,2020-11-11,0.0,Matched control day,-0.557444763183593,0.0
HRF-0125,HRF-0125,2020-11-25,0.0,Matched control day,0.3598068237304694,0.0
HRF-0122,HRF-0122,2020-08-29,1.0,Event day,-11.56797637939453,0.0
HRF-0122,HRF-0122,2020-08-01,0.0,Matched control day,1.3419052124023452,1.0
HRF-0122,HRF-0122,2020-08-08,0.0,Matched control day,0.2224288940429701,1.0
HRF-0122,HRF-0122,2020-08-15,0.0,Matched control day,-7.117796325683592,0.0
HRF-0122,HRF-0122,2020-08-22,0.0,Matched control day,-2.7763656616210923,0.0
HRF-0126,HRF-0126,2021-03-09,1.0,Event day,-5.939271545410158,0.0
HRF-0126,HRF-0126,2021-03-02,0.0,Matched control day,-10.027345275878908,0.0
HRF-0126,HRF-0126,2021-03-16,0.0,Matched control day,-9.114427185058595,0.0
HRF-0126,HRF-0126,2021-03-23,0.0,Matched control day,1.5364974975585923,0.0
HRF-0126,HRF-0126,2021-03-30,0.0,Matched control day,-0.5761123657226577,0.0
HRF-0127,HRF-0127,2021-08-13,1.0,Event day,-3.4394653320312507,0.0
HRF-0127,HRF-0127,2021-08-06,0.0,Matched control day,-8.203717041015626,0.0
HRF-0127,HRF-0127,2021-08-20,0.0,Matched control day,-6.302380371093751,0.0
HRF-0127,HRF-0127,2021-08-27,0.0,Matched control day,-8.899319458007813,0.0
HRF-0128,HRF-0128,2021-08-29,1.0,Event day,-7.781765747070317,0.0
HRF-0128,HRF-0128,2021-08-01,0.0,Matched control day,-9.250927734375004,0.0
HRF-0128,HRF-0128,2021-08-08,0.0,Matched control day,-6.461483764648442,0.0
HRF-0128,HRF-0128,2021-08-15,0.0,Matched control day,-0.3757598876953167,0.0
HRF-0128,HRF-0128,2021-08-22,0.0,Matched control day,-3.866406250000004,0.0
HRF-0130,HRF-0130,2021-12-15,1.0,Event day,-0.2250503540039048,0.0
HRF-0130,HRF-0130,2021-12-01,0.0,Matched control day,-3.75285186767578,0.0
HRF-0130,HRF-0130,2021-12-08,0.0,Matched control day,-1.4826187133789048,0.0
HRF-0130,HRF-0130,2021-12-22,0.0,Matched control day,-2.6643356323242173,0.0
HRF-0130,HRF-0130,2021-12-29,0.0,Matched control day,-3.200575256347655,0.0
HRF-0131,HRF-0131,2022-01-09,1.0,Event day,-7.299955749511719,0.0
HRF-0131,HRF-0131,2022-01-02,0.0,Matched control day,2.5877243041992184,0.0
HRF-0131,HRF-0131,2022-01-16,0.0,Matched control day,-10.656965637207032,0.0
HRF-0131,HRF-0131,2022-01-23,0.0,Matched control day,-8.040846252441407,0.0
HRF-0131,HRF-0131,2022-01-30,0.0,Matched control day,-15.772215270996094,0.0
HRF-0133,HRF-0133,2022-09-21,1.0,Event day,-2.485696411132814,0.0
HRF-0133,HRF-0133,2022-09-07,0.0,Matched control day,-2.924234008789064,0.0
HRF-0133,HRF-0133,2022-09-14,0.0,Matched control day,1.132955932617186,1.0
HRF-0133,HRF-0133,2022-09-28,0.0,Matched control day,-1.7371765136718764,0.0
HRF-0132,HRF-0132,2022-09-16,1.0,Event day,-0.3026947021484361,0.0
HRF-0132,HRF-0132,2022-09-02,0.0,Matched control day,-3.1546386718749986,0.0
HRF-0132,HRF-0132,2022-09-09,0.0,Matched control day,2.279061889648439,1.0
HRF-0132,HRF-0132,2022-09-23,0.0,Matched control day,-7.360159301757811,0.0
HRF-0132,HRF-0132,2022-09-30,0.0,Matched control day,2.8191162109375014,0.0
HRF-0134,HRF-0134,2022-10-09,1.0,Event day,-0.8116119384765632,0.0
HRF-0134,HRF-0134,2022-10-02,0.0,Matched control day,-0.0885131835937507,0.0
HRF-0134,HRF-0134,2022-10-16,0.0,Matched control day,-0.0587432861328132,0.0
HRF-0134,HRF-0134,2022-10-23,0.0,Matched control day,-3.647305297851563,0.0
HRF-0134,HRF-0134,2022-10-30,0.0,Matched control day,-3.0546386718750007,0.0
HRF-0135,HRF-0135,2022-10-15,1.0,Event day,-5.391075134277344,0.0
HRF-0135,HRF-0135,2022-10-01,0.0,Matched control day,2.308998107910156,0.0
HRF-0135,HRF-0135,2022-10-08,0.0,Matched control day,-3.231269836425781,0.0
HRF-0135,HRF-0135,2022-10-22,0.0,Matched control day,-5.237190246582031,0.0
HRF-0135,HRF-0135,2022-10-29,0.0,Matched control day,-5.649162292480469,0.0
HRF-0137,HRF-0137,2022-11-07,1.0,Event day,-1.4864562988281236,0.0
HRF-0137,HRF-0137,2022-11-14,0.0,Matched control day,-1.6323913574218736,0.0
HRF-0137,HRF-0137,2022-11-21,0.0,Matched control day,-3.805792236328124,0.0
HRF-0137,HRF-0137,2022-11-28,0.0,Matched control day,-2.705892944335936,0.0
HRF-0138,HRF-0138,2022-11-24,1.0,Event day,-11.64664306640625,0.0
HRF-0138,HRF-0138,2022-11-03,0.0,Matched control day,-0.8808654785156254,0.0
HRF-0138,HRF-0138,2022-11-10,0.0,Matched control day,-10.82132568359375,0.0
HRF-0138,HRF-0138,2022-11-17,0.0,Matched control day,-12.723028564453124,0.0
HRF-0136,HRF-0136,2022-11-05,1.0,Event day,5.355821228027345,0.0
HRF-0136,HRF-0136,2022-11-12,0.0,Matched control day,2.14125213623047,0.0
HRF-0136,HRF-0136,2022-11-19,0.0,Matched control day,-13.59367218017578,0.0
HRF-0136,HRF-0136,2022-11-26,0.0,Matched control day,-5.468702697753905,0.0
HRF-0140,HRF-0140,2023-04-09,1.0,Event day,-6.366859436035156,0.0
HRF-0140,HRF-0140,2023-04-02,0.0,Matched control day,-4.712471008300781,0.0
HRF-0140,HRF-0140,2023-04-16,0.0,Matched control day,-1.0249557495117188,0.0
HRF-0140,HRF-0140,2023-04-23,0.0,Matched control day,-4.013404846191406,0.0
HRF-0140,HRF-0140,2023-04-30,0.0,Matched control day,-7.436820983886719,0.0
HRF-0141,HRF-0141,2023-09-12,1.0,Event day,-4.4535675048828125,0.0
HRF-0141,HRF-0141,2023-09-05,0.0,Matched control day,-0.98321533203125,0.0
HRF-0141,HRF-0141,2023-09-19,0.0,Matched control day,-0.805206298828125,0.0
HRF-0141,HRF-0141,2023-09-26,0.0,Matched control day,-6.041961669921875,0.0
HRF-0139,HRF-0139,2023-03-02,1.0,Event day,-4.1335296630859375,0.0
HRF-0139,HRF-0139,2023-03-09,0.0,Matched control day,-0.01019287109375,0.0
HRF-0139,HRF-0139,2023-03-16,0.0,Matched control day,-1.56268310546875,0.0
HRF-0139,HRF-0139,2023-03-23,0.0,Matched control day,0.3622283935546875,0.0
HRF-0139,HRF-0139,2023-03-30,0.0,Matched control day,-2.31610107421875,0.0
HRF-0142,HRF-0142,2023-09-17,1.0,Event day,-0.4014389038085966,0.0
HRF-0142,HRF-0142,2023-09-03,0.0,Matched control day,0.8826950073242159,0.0
HRF-0142,HRF-0142,2023-09-10,0.0,Matched control day,0.2883804321289034,0.0
HRF-0142,HRF-0142,2023-09-24,0.0,Matched control day,0.8657424926757784,1.0
HRF-0143,HRF-0143,2024-02-22,1.0,Event day,3.085037231445309,0.0
HRF-0143,HRF-0143,2024-02-01,0.0,Matched control day,-2.919296264648441,0.0
HRF-0143,HRF-0143,2024-02-08,0.0,Matched control day,0.4127197265624964,0.0
HRF-0143,HRF-0143,2024-02-15,0.0,Matched control day,-2.165969848632816,0.0
HRF-0143,HRF-0143,2024-02-29,0.0,Matched control day,0.2794799804687464,0.0
HRF-0144,HRF-0144,2024-02-23,1.0,Event day,-13.46180419921875,0.0
HRF-0144,HRF-0144,2024-02-02,0.0,Matched control day,-14.984051513671876,0.0
HRF-0144,HRF-0144,2024-02-09,0.0,Matched control day,-5.976300048828126,0.0
HRF-0144,HRF-0144,2024-02-16,0.0,Matched control day,-6.021862792968751,0.0
HRF-0145,HRF-0145,2024-02-29,1.0,Event day,-1.257730102539064,0.0
HRF-0145,HRF-0145,2024-02-01,0.0,Matched control day,-4.721688842773439,0.0
HRF-0145,HRF-0145,2024-02-08,0.0,Matched control day,-6.450799560546876,0.0
HRF-0145,HRF-0145,2024-02-15,0.0,Matched control day,-1.7171875000000014,0.0
HRF-0145,HRF-0145,2024-02-22,0.0,Matched control day,-1.604959106445314,0.0
HRF-0146,HRF-0146,2024-03-14,1.0,Event day,-3.414546203613281,0.0
HRF-0146,HRF-0146,2024-03-07,0.0,Matched control day,-8.040629577636718,0.0
HRF-0146,HRF-0146,2024-03-21,0.0,Matched control day,-0.7763015747070314,0.0
HRF-0146,HRF-0146,2024-03-28,0.0,Matched control day,1.233418273925781,0.0
HRF-0147,HRF-0147,2024-03-28,1.0,Event day,-1.5673568725585945,0.0
HRF-0147,HRF-0147,2024-03-07,0.0,Matched control day,-1.220051574707032,0.0
HRF-0147,HRF-0147,2024-03-14,0.0,Matched control day,-2.015827941894532,0.0
HRF-0147,HRF-0147,2024-03-21,0.0,Matched control day,-0.707569885253907,0.0
HRF-0150,HRF-0150,2024-05-21,1.0,Event day,-5.898049926757814,0.0
HRF-0150,HRF-0150,2024-05-07,0.0,Matched control day,-3.3640380859375014,0.0
HRF-0150,HRF-0150,2024-05-14,0.0,Matched control day,-4.406182861328126,0.0
HRF-0150,HRF-0150,2024-05-28,0.0,Matched control day,-1.920373535156252,0.0
HRF-0149,HRF-0149,2024-04-07,1.0,Event day,-3.07476806640625,0.0
HRF-0149,HRF-0149,2024-04-14,0.0,Matched control day,-2.8887939453125,0.0
HRF-0149,HRF-0149,2024-04-21,0.0,Matched control day,-9.621337890625,0.0
HRF-0149,HRF-0149,2024-04-28,0.0,Matched control day,-5.26470947265625,0.0
HRF-0151,HRF-0151,2024-09-17,1.0,Event day,-5.594418334960938,0.0
HRF-0151,HRF-0151,2024-09-03,0.0,Matched control day,-2.968441772460938,0.0
HRF-0151,HRF-0151,2024-09-10,0.0,Matched control day,-8.3787353515625,0.0
HRF-0151,HRF-0151,2024-09-24,0.0,Matched control day,-8.530239868164063,0.0
HRF-0152,HRF-0152,2024-12-13,1.0,Event day,-7.474409484863283,0.0
HRF-0152,HRF-0152,2024-12-06,0.0,Matched control day,0.3932205200195291,0.0
HRF-0152,HRF-0152,2024-12-20,0.0,Matched control day,-3.822386169433596,0.0
HRF-0152,HRF-0152,2024-12-27,0.0,Matched control day,-6.474714660644533,0.0
HRF-0153,HRF-0153,2024-12-24,1.0,Event day,-2.8690017700195334,0.0
HRF-0153,HRF-0153,2024-12-03,0.0,Matched control day,-3.4310134887695334,0.0
HRF-0153,HRF-0153,2024-12-10,0.0,Matched control day,-5.221907043457033,0.0
HRF-0153,HRF-0153,2024-12-17,0.0,Matched control day,-3.670530700683596,0.0
HRF-0153,HRF-0153,2024-12-31,0.0,Matched control day,-5.420790100097658,0.0
HRF-0154,HRF-0154,2025-01-15,1.0,Event day,0.4103210449218721,0.0
HRF-0154,HRF-0154,2025-01-01,0.0,Matched control day,-2.2412750244140653,0.0
HRF-0154,HRF-0154,2025-01-08,0.0,Matched control day,-0.6780120849609403,0.0
HRF-0154,HRF-0154,2025-01-22,0.0,Matched control day,-1.3921234130859403,0.0
HRF-0154,HRF-0154,2025-01-29,0.0,Matched control day,-3.048358154296878,0.0
HRF-0155,HRF-0155,2025-01-21,1.0,Event day,0.58514404296875,0.0
HRF-0155,HRF-0155,2025-01-07,0.0,Matched control day,1.8354034423828125,0.0
HRF-0155,HRF-0155,2025-01-14,0.0,Matched control day,-4.891693115234375,0.0
HRF-0155,HRF-0155,2025-01-28,0.0,Matched control day,1.8648681640625,0.0
HRF-0156,HRF-0156,2025-01-23,1.0,Event day,-13.292814636230474,0.0
HRF-0156,HRF-0156,2025-01-02,0.0,Matched control day,-13.648207092285162,0.0
HRF-0156,HRF-0156,2025-01-09,0.0,Matched control day,-3.615965270996099,0.0
HRF-0156,HRF-0156,2025-01-16,0.0,Matched control day,-13.852018737792974,0.0
HRF-0156,HRF-0156,2025-01-30,0.0,Matched control day,-12.16424407958985,0.0
HRF-0157,HRF-0157,2025-01-27,1.0,Event day,-0.3154815673828128,0.0
HRF-0157,HRF-0157,2025-01-06,0.0,Matched control day,0.6088806152343746,0.0
HRF-0157,HRF-0157,2025-01-13,0.0,Matched control day,-8.767904663085938,0.0
HRF-0157,HRF-0157,2025-01-20,0.0,Matched control day,-9.157354736328124,0.0
HRF-0158,HRF-0158,2025-01-29,1.0,Event day,-3.0513793945312493,0.0
HRF-0158,HRF-0158,2025-01-01,0.0,Matched control day,-1.9865600585937493,0.0
HRF-0158,HRF-0158,2025-01-08,0.0,Matched control day,-1.7712738037109368,0.0
HRF-0158,HRF-0158,2025-01-15,0.0,Matched control day,-0.7717926025390618,0.0
HRF-0158,HRF-0158,2025-01-22,0.0,Matched control day,-0.8305541992187493,0.0
HRF-0159,HRF-0159,2025-02-11,1.0,Event day,0.2692321777343736,0.0
HRF-0159,HRF-0159,2025-02-04,0.0,Matched control day,0.5463470458984361,1.0
HRF-0159,HRF-0159,2025-02-18,0.0,Matched control day,-8.299005126953126,0.0
HRF-0159,HRF-0159,2025-02-25,0.0,Matched control day,-1.1238647460937514,0.0
HRF-0160,HRF-0160,2025-02-13,1.0,Event day,-7.307083129882816,0.0
HRF-0160,HRF-0160,2025-02-06,0.0,Matched control day,-5.483016967773441,0.0
HRF-0160,HRF-0160,2025-02-20,0.0,Matched control day,-4.3291625976562536,0.0
HRF-0160,HRF-0160,2025-02-27,0.0,Matched control day,-4.652694702148441,0.0
HRF-0161,HRF-0161,2025-03-19,1.0,Event day,6.303408813476562,0.0
HRF-0161,HRF-0161,2025-03-05,0.0,Matched control day,-4.250698852539063,0.0
HRF-0161,HRF-0161,2025-03-12,0.0,Matched control day,-10.371502685546876,0.0
HRF-0161,HRF-0161,2025-03-26,0.0,Matched control day,-7.110455322265626,0.0
HRF-0162,HRF-0162,2025-03-20,1.0,Event day,-6.221893310546875,0.0
HRF-0162,HRF-0162,2025-03-06,0.0,Matched control day,-3.991226196289064,0.0
HRF-0162,HRF-0162,2025-03-13,0.0,Matched control day,-7.195236206054688,0.0
HRF-0162,HRF-0162,2025-03-27,0.0,Matched control day,3.1556854248046875,0.0
HRF-0163,HRF-0163,2025-03-21,1.0,Event day,2.591740417480468,0.0
HRF-0163,HRF-0163,2025-03-07,0.0,Matched control day,-0.9134628295898448,0.0
HRF-0163,HRF-0163,2025-03-14,0.0,Matched control day,-8.171092224121095,0.0
HRF-0163,HRF-0163,2025-03-28,0.0,Matched control day,-0.9898635864257824,0.0
HRF-0164,HRF-0164,2025-05-06,1.0,Event day,-8.1426513671875,0.0
HRF-0164,HRF-0164,2025-05-13,0.0,Matched control day,0.1782409667968743,0.0
HRF-0164,HRF-0164,2025-05-20,0.0,Matched control day,-1.0129516601562507,0.0
HRF-0164,HRF-0164,2025-05-27,0.0,Matched control day,-5.690518188476563,0.0
HRF-0165,HRF-0165,2025-05-17,1.0,Event day,-3.556246948242187,0.0
HRF-0165,HRF-0165,2025-05-03,0.0,Matched control day,-12.734286499023437,0.0
HRF-0165,HRF-0165,2025-05-10,0.0,Matched control day,-3.6666748046874993,0.0
HRF-0165,HRF-0165,2025-05-24,0.0,Matched control day,-12.269503784179689,0.0
HRF-0165,HRF-0165,2025-05-31,0.0,Matched control day,-8.114810180664062,0.0
HRF-0166,HRF-0166,2025-05-20,1.0,Event day,-1.2009902954101577,0.0
HRF-0166,HRF-0166,2025-05-06,0.0,Matched control day,-5.53828582763672,0.0
HRF-0166,HRF-0166,2025-05-13,0.0,Matched control day,1.3271011352539048,0.0
HRF-0166,HRF-0166,2025-05-27,0.0,Matched control day,-5.235047912597658,0.0
HRF-0167,HRF-0167,2025-05-23,1.0,Event day,-2.4896530151367173,0.0
HRF-0167,HRF-0167,2025-05-02,0.0,Matched control day,-2.55766143798828,0.0
HRF-0167,HRF-0167,2025-05-09,0.0,Matched control day,-0.0550216674804673,0.0
HRF-0167,HRF-0167,2025-05-16,0.0,Matched control day,-0.8985275268554673,0.0
HRF-0167,HRF-0167,2025-05-30,0.0,Matched control day,-2.0701889038085923,0.0
HRF-0168,HRF-0168,2025-06-06,1.0,Event day,-6.762397766113281,0.0
HRF-0168,HRF-0168,2025-06-13,0.0,Matched control day,4.914558410644531,0.0
HRF-0168,HRF-0168,2025-06-20,0.0,Matched control day,0.4651412963867187,0.0
HRF-0168,HRF-0168,2025-06-27,0.0,Matched control day,-1.3604354858398438,0.0
HRF-0169,HRF-0169,2025-06-13,1.0,Event day,0.4988006591796861,0.0
HRF-0169,HRF-0169,2025-06-06,0.0,Matched control day,-8.100411987304689,0.0
HRF-0169,HRF-0169,2025-06-20,0.0,Matched control day,-2.5222412109375014,0.0
HRF-0169,HRF-0169,2025-06-27,0.0,Matched control day,-1.172402954101564,0.0
HRF-0170,HRF-0170,2025-07-01,1.0,Event day,-0.298332214355467,0.0
HRF-0170,HRF-0170,2025-07-08,0.0,Matched control day,-0.8609695434570295,0.0
HRF-0170,HRF-0170,2025-07-15,0.0,Matched control day,-1.159690856933592,0.0
HRF-0170,HRF-0170,2025-07-22,0.0,Matched control day,-3.417961120605467,0.0
HRF-0170,HRF-0170,2025-07-29,0.0,Matched control day,0.0704269409179705,0.0
HRF-0171,HRF-0171,2025-07-07,1.0,Event day,-1.50732421875,0.0
HRF-0171,HRF-0171,2025-07-14,0.0,Matched control day,-3.620925903320313,0.0
HRF-0171,HRF-0171,2025-07-21,0.0,Matched control day,-1.2938385009765625,0.0
HRF-0171,HRF-0171,2025-07-28,0.0,Matched control day,0.9907684326171876,1.0
HRF-0172,HRF-0172,2025-07-10,1.0,Event day,-4.168353271484371,0.0
HRF-0172,HRF-0172,2025-07-03,0.0,Matched control day,2.5225189208984418,0.0
HRF-0172,HRF-0172,2025-07-17,0.0,Matched control day,1.7616851806640668,0.0
HRF-0172,HRF-0172,2025-07-24,0.0,Matched control day,-5.730960083007808,0.0
HRF-0172,HRF-0172,2025-07-31,0.0,Matched control day,-6.742404174804683,0.0
HRF-0173,HRF-0173,2025-07-11,1.0,Event day,2.873928833007813,0.0
HRF-0173,HRF-0173,2025-07-04,0.0,Matched control day,-0.5127899169921868,0.0
HRF-0173,HRF-0173,2025-07-18,0.0,Matched control day,1.2068603515625007,0.0
HRF-0173,HRF-0173,2025-07-25,0.0,Matched control day,-1.7562744140624993,0.0
HRF-0174,HRF-0174,2025-07-12,1.0,Event day,2.10948028564453,1.0
HRF-0174,HRF-0174,2025-07-05,0.0,Matched control day,-5.640184020996095,0.0
HRF-0174,HRF-0174,2025-07-19,0.0,Matched control day,-2.8529983520507827,0.0
HRF-0174,HRF-0174,2025-07-26,0.0,Matched control day,-1.5758529663085952,0.0
HRF-0175,HRF-0175,2025-08-17,1.0,Event day,-2.3801773071289105,0.0
HRF-0175,HRF-0175,2025-08-03,0.0,Matched control day,-1.755284118652348,0.0
HRF-0175,HRF-0175,2025-08-10,0.0,Matched control day,-1.023075866699223,0.0
HRF-0175,HRF-0175,2025-08-24,0.0,Matched control day,-0.235630798339848,0.0
HRF-0175,HRF-0175,2025-08-31,0.0,Matched control day,-1.323429870605473,0.0
HRF-0176,HRF-0176,2025-09-07,1.0,Event day,-3.470787048339844,0.0
HRF-0176,HRF-0176,2025-09-14,0.0,Matched control day,-2.667304992675781,0.0
HRF-0176,HRF-0176,2025-09-21,0.0,Matched control day,-1.5205917358398438,0.0
HRF-0176,HRF-0176,2025-09-28,0.0,Matched control day,-3.2181930541992188,0.0
HRF-0177,HRF-0177,2025-09-16,1.0,Event day,-2.236643981933593,0.0
HRF-0177,HRF-0177,2025-09-02,0.0,Matched control day,-0.6950027465820305,0.0
HRF-0177,HRF-0177,2025-09-09,0.0,Matched control day,-0.8366958618164055,0.0
HRF-0177,HRF-0177,2025-09-23,0.0,Matched control day,0.3457382202148444,0.0
HRF-0177,HRF-0177,2025-09-30,0.0,Matched control day,-0.478556823730468,0.0
HRF-0178,HRF-0178,2025-10-10,1.0,Event day,-3.288055419921875,0.0
HRF-0178,HRF-0178,2025-10-03,0.0,Matched control day,-3.3270416259765625,0.0
HRF-0178,HRF-0178,2025-10-17,0.0,Matched control day,-5.029693603515625,0.0
HRF-0178,HRF-0178,2025-10-24,0.0,Matched control day,-8.398818969726562,0.0
HRF-0178,HRF-0178,2025-10-31,0.0,Matched control day,-3.823486328125,0.0
HRF-0179,HRF-0179,2025-10-11,1.0,Event day,-2.932962036132814,0.0
HRF-0179,HRF-0179,2025-10-04,0.0,Matched control day,-0.4091735839843764,0.0
HRF-0179,HRF-0179,2025-10-18,0.0,Matched control day,-0.4728027343750014,0.0
HRF-0179,HRF-0179,2025-10-25,0.0,Matched control day,-6.102426147460939,0.0
HRF-0181,HRF-0181,2025-10-18,1.0,Event day,1.4807205200195312,0.0
HRF-0181,HRF-0181,2025-10-04,0.0,Matched control day,0.7233352661132812,0.0
HRF-0181,HRF-0181,2025-10-11,0.0,Matched control day,0.2391891479492187,0.0
HRF-0181,HRF-0181,2025-10-25,0.0,Matched control day,-3.2477798461914062,0.0
HRF-0182,HRF-0182,2025-10-21,1.0,Event day,-1.4686248779296882,0.0
HRF-0182,HRF-0182,2025-10-07,0.0,Matched control day,-2.5593994140625007,0.0
HRF-0182,HRF-0182,2025-10-14,0.0,Matched control day,-1.868939208984376,0.0
HRF-0182,HRF-0182,2025-10-28,0.0,Matched control day,-1.2301910400390632,0.0
HRF-0183,HRF-0183,2025-11-04,1.0,Event day,-6.8007766723632805,0.0
HRF-0183,HRF-0183,2025-11-11,0.0,Matched control day,-5.590785217285156,0.0
HRF-0183,HRF-0183,2025-11-18,0.0,Matched control day,-10.378443908691406,0.0
HRF-0183,HRF-0183,2025-11-25,0.0,Matched control day,-4.642680358886718,0.0
HRF-0184,HRF-0184,2025-11-11,1.0,Event day,-5.73307647705078,0.0
HRF-0184,HRF-0184,2025-11-04,0.0,Matched control day,-2.339323425292968,0.0
HRF-0184,HRF-0184,2025-11-18,0.0,Matched control day,-4.31217803955078,0.0
HRF-0184,HRF-0184,2025-11-25,0.0,Matched control day,-7.10923614501953,0.0
HRF-0185,HRF-0185,2025-11-17,1.0,Event day,0.530079650878907,0.0
HRF-0185,HRF-0185,2025-11-03,0.0,Matched control day,-1.857569885253905,0.0
HRF-0185,HRF-0185,2025-11-10,0.0,Matched control day,-5.4289810180664055,0.0
HRF-0185,HRF-0185,2025-11-24,0.0,Matched control day,-9.81688995361328,0.0
HRF-0186,HRF-0186,2025-11-26,1.0,Event day,-4.803646850585938,0.0
HRF-0186,HRF-0186,2025-11-05,0.0,Matched control day,-1.7612426757812507,0.0
HRF-0186,HRF-0186,2025-11-12,0.0,Matched control day,-2.557247924804688,0.0
HRF-0186,HRF-0186,2025-11-19,0.0,Matched control day,-10.57142333984375,0.0
HRF-0187,HRF-0187,2025-11-27,1.0,Event day,-9.920486450195312,0.0
HRF-0187,HRF-0187,2025-11-06,0.0,Matched control day,-6.043609619140625,0.0
HRF-0187,HRF-0187,2025-11-13,0.0,Matched control day,-6.20208740234375,0.0
HRF-0187,HRF-0187,2025-11-20,0.0,Matched control day,-7.7722320556640625,0.0
HRF-0188,HRF-0188,2025-12-09,1.0,Event day,-1.8206771850585923,0.0
HRF-0188,HRF-0188,2025-12-02,0.0,Matched control day,-0.8654922485351548,0.0
HRF-0188,HRF-0188,2025-12-16,0.0,Matched control day,-1.232267761230467,0.0
HRF-0188,HRF-0188,2025-12-23,0.0,Matched control day,-0.6128982543945298,0.0
HRF-0188,HRF-0188,2025-12-30,0.0,Matched control day,-2.1163314819335923,0.0
HRF-0189,HRF-0189,2025-12-09,1.0,Event day,-1.3444061279296875,0.0
HRF-0189,HRF-0189,2025-12-02,0.0,Matched control day,1.0116729736328125,0.0
HRF-0189,HRF-0189,2025-12-16,0.0,Matched control day,-2.0938873291015625,0.0
HRF-0189,HRF-0189,2025-12-23,0.0,Matched control day,-1.4676971435546875,0.0
HRF-0189,HRF-0189,2025-12-30,0.0,Matched control day,-1.1061248779296875,0.0
HRF-0190,HRF-0190,2025-12-10,1.0,Event day,-0.5238052368164112,0.0
HRF-0190,HRF-0190,2025-12-03,0.0,Matched control day,-0.4778457641601612,0.0
HRF-0190,HRF-0190,2025-12-17,0.0,Matched control day,-4.269563293457036,0.0
HRF-0190,HRF-0190,2025-12-24,0.0,Matched control day,0.6485275268554638,1.0
HRF-0190,HRF-0190,2025-12-31,0.0,Matched control day,-0.1632858276367237,0.0
HRF-0191,HRF-0191,2025-12-22,1.0,Event day,-4.49912567138672,0.0
HRF-0191,HRF-0191,2025-12-01,0.0,Matched control day,-6.126719665527345,0.0
HRF-0191,HRF-0191,2025-12-08,0.0,Matched control day,-11.042048645019532,0.0
HRF-0191,HRF-0191,2025-12-15,0.0,Matched control day,-11.896662902832032,0.0
HRF-0191,HRF-0191,2025-12-29,0.0,Matched control day,1.0300186157226552,0.0
HRF-0192,HRF-0192,2025-12-24,1.0,Event day,-2.049427795410157,0.0
HRF-0192,HRF-0192,2025-12-03,0.0,Matched control day,-1.705220031738282,0.0
HRF-0192,HRF-0192,2025-12-10,0.0,Matched control day,-2.5261276245117195,0.0
HRF-0192,HRF-0192,2025-12-17,0.0,Matched control day,-1.6223495483398445,0.0
HRF-0192,HRF-0192,2025-12-31,0.0,Matched control day,-0.3678024291992194,0.0
HRF-0193,HRF-0193,2025-12-27,1.0,Event day,-7.12671356201172,0.0
HRF-0193,HRF-0193,2025-12-06,0.0,Matched control day,-11.968525695800782,0.0
HRF-0193,HRF-0193,2025-12-13,0.0,Matched control day,-20.666783142089844,0.0
HRF-0193,HRF-0193,2025-12-20,0.0,Matched control day,-9.861347961425782,0.0
HRF-0194,HRF-0194,2026-01-09,1.0,Event day,-3.286346435546875,0.0
HRF-0194,HRF-0194,2026-01-02,0.0,Matched control day,-7.6638641357421875,0.0
HRF-0194,HRF-0194,2026-01-16,0.0,Matched control day,-2.208160400390625,0.0
HRF-0194,HRF-0194,2026-01-23,0.0,Matched control day,-5.2676544189453125,0.0
HRF-0194,HRF-0194,2026-01-30,0.0,Matched control day,-5.3199615478515625,0.0
HRF-0195,HRF-0195,2026-01-17,1.0,Event day,-1.5147277832031243,0.0
HRF-0195,HRF-0195,2026-01-03,0.0,Matched control day,-2.8740112304687493,0.0
HRF-0195,HRF-0195,2026-01-10,0.0,Matched control day,-3.0059997558593743,0.0
HRF-0195,HRF-0195,2026-01-24,0.0,Matched control day,-1.7588226318359368,0.0
HRF-0195,HRF-0195,2026-01-31,0.0,Matched control day,-3.855075073242187,0.0
HRF-0196,HRF-0196,2026-01-17,1.0,Event day,-1.554188537597657,0.0
HRF-0196,HRF-0196,2026-01-03,0.0,Matched control day,-3.951405334472657,0.0
HRF-0196,HRF-0196,2026-01-10,0.0,Matched control day,-4.046238708496095,0.0
HRF-0196,HRF-0196,2026-01-24,0.0,Matched control day,-6.1884506225585945,0.0
HRF-0196,HRF-0196,2026-01-31,0.0,Matched control day,-1.9119613647460945,0.0
HRF-0197,HRF-0197,2026-01-24,1.0,Event day,-13.23772430419922,0.0
HRF-0197,HRF-0197,2026-01-03,0.0,Matched control day,-11.68451690673828,0.0
HRF-0197,HRF-0197,2026-01-10,0.0,Matched control day,-0.7122879028320312,0.0
HRF-0197,HRF-0197,2026-01-17,0.0,Matched control day,-8.234748840332031,0.0
HRF-0197,HRF-0197,2026-01-31,0.0,Matched control day,-16.368186950683594,0.0
HRF-0198,HRF-0198,2026-02-09,1.0,Event day,-2.3612060546875,0.0
HRF-0198,HRF-0198,2026-02-02,0.0,Matched control day,-2.474639892578125,0.0
HRF-0198,HRF-0198,2026-02-16,0.0,Matched control day,-1.5534210205078125,0.0
HRF-0198,HRF-0198,2026-02-23,0.0,Matched control day,-0.5991058349609375,0.0
HRF-0199,HRF-0199,2026-02-12,1.0,Event day,-2.4029281616210945,0.0
HRF-0199,HRF-0199,2026-02-05,0.0,Matched control day,-1.556538391113282,0.0
HRF-0199,HRF-0199,2026-02-19,0.0,Matched control day,-1.724079895019532,0.0
HRF-0199,HRF-0199,2026-02-26,0.0,Matched control day,-2.1568954467773445,0.0
HRF-0200,HRF-0200,2026-02-24,1.0,Event day,-4.279368591308598,0.0
HRF-0200,HRF-0200,2026-02-03,0.0,Matched control day,-6.102259826660161,0.0
HRF-0200,HRF-0200,2026-02-10,0.0,Matched control day,-5.289775085449223,0.0
HRF-0200,HRF-0200,2026-02-17,0.0,Matched control day,-4.850459289550786,0.0
HRF-0202,HRF-0202,2026-02-28,1.0,Event day,-0.1007614135742223,0.0
HRF-0202,HRF-0202,2026-02-07,0.0,Matched control day,-12.772300720214847,0.0
HRF-0202,HRF-0202,2026-02-14,0.0,Matched control day,-6.671226501464847,0.0
HRF-0202,HRF-0202,2026-02-21,0.0,Matched control day,-5.965095520019535,0.0
HRF-0203,HRF-0203,2026-03-01,1.0,Event day,-0.1643630981445341,0.0
HRF-0203,HRF-0203,2026-03-08,0.0,Matched control day,-6.428080749511722,0.0
HRF-0203,HRF-0203,2026-03-15,0.0,Matched control day,0.2670028686523409,0.0
HRF-0203,HRF-0203,2026-03-22,0.0,Matched control day,-3.586787414550784,0.0
HRF-0203,HRF-0203,2026-03-29,0.0,Matched control day,-10.86043853759766,0.0
HRF-0205,HRF-0205,2026-03-11,1.0,Event day,-4.387965393066409,0.0
HRF-0205,HRF-0205,2026-03-04,0.0,Matched control day,-3.966609191894534,0.0
HRF-0205,HRF-0205,2026-03-18,0.0,Matched control day,-2.996150207519534,0.0
HRF-0205,HRF-0205,2026-03-25,0.0,Matched control day,-8.468913269042972,0.0
HRF-0206,HRF-0206,2026-03-12,1.0,Event day,0.7741836547851584,0.0
HRF-0206,HRF-0206,2026-03-05,0.0,Matched control day,-2.6712203979492166,0.0
HRF-0206,HRF-0206,2026-03-19,0.0,Matched control day,-0.1958633422851541,0.0
HRF-0206,HRF-0206,2026-03-26,0.0,Matched control day,-0.9651962280273416,0.0
HRF-0207,HRF-0207,2026-03-14,1.0,Event day,-8.038073730468751,0.0
HRF-0207,HRF-0207,2026-03-07,0.0,Matched control day,0.5687988281249989,0.0
HRF-0207,HRF-0207,2026-03-21,0.0,Matched control day,-6.500582885742189,0.0
HRF-0207,HRF-0207,2026-03-28,0.0,Matched control day,-9.249270629882814,0.0
HRF-0208,HRF-0208,2026-03-17,1.0,Event day,-1.6524322509765632,0.0
HRF-0208,HRF-0208,2026-03-03,0.0,Matched control day,-13.869610595703126,0.0
HRF-0208,HRF-0208,2026-03-10,0.0,Matched control day,7.339862060546874,0.0
HRF-0208,HRF-0208,2026-03-24,0.0,Matched control day,-7.018734741210938,0.0
HRF-0208,HRF-0208,2026-03-31,0.0,Matched control day,8.662875366210937,0.0
HRF-0209,HRF-0209,2026-03-18,1.0,Event day,-3.26371612548828,0.0
HRF-0209,HRF-0209,2026-03-04,0.0,Matched control day,-1.97050323486328,0.0
HRF-0209,HRF-0209,2026-03-11,0.0,Matched control day,1.3295761108398452,0.0
HRF-0209,HRF-0209,2026-03-25,0.0,Matched control day,-2.86375274658203,0.0
HRF-0210,HRF-0210,2026-03-24,1.0,Event day,-2.144628906250002,0.0
HRF-0210,HRF-0210,2026-03-03,0.0,Matched control day,-0.3654083251953146,0.0
HRF-0210,HRF-0210,2026-03-10,0.0,Matched control day,-2.645086669921877,0.0
HRF-0210,HRF-0210,2026-03-17,0.0,Matched control day,-1.6160949707031271,0.0
HRF-0210,HRF-0210,2026-03-31,0.0,Matched control day,1.377282714843748,0.0
HRF-0211,HRF-0211,2026-03-28,1.0,Event day,-1.5259979248046849,0.0
HRF-0211,HRF-0211,2026-03-07,0.0,Matched control day,-10.924694824218747,0.0
HRF-0211,HRF-0211,2026-03-14,0.0,Matched control day,-13.611019897460936,0.0
HRF-0211,HRF-0211,2026-03-21,0.0,Matched control day,-2.090954589843747,0.0
HRF-0212,HRF-0212,2026-03-30,1.0,Event day,0.6547119140625028,0.0
HRF-0212,HRF-0212,2026-03-02,0.0,Matched control day,-14.714154052734372,0.0
HRF-0212,HRF-0212,2026-03-09,0.0,Matched control day,0.6539031982421903,0.0
HRF-0212,HRF-0212,2026-03-16,0.0,Matched control day,-3.5130889892578097,0.0
HRF-0212,HRF-0212,2026-03-23,0.0,Matched control day,-3.451550292968747,0.0
HRF-0213,HRF-0213,2026-04-10,1.0,Event day,-9.433442687988284,0.0
HRF-0213,HRF-0213,2026-04-03,0.0,Matched control day,-9.066575622558595,0.0
HRF-0213,HRF-0213,2026-04-17,0.0,Matched control day,-1.060517883300783,0.0
HRF-0213,HRF-0213,2026-04-24,0.0,Matched control day,-3.72627410888672,0.0
HRF-0214,HRF-0214,2026-04-27,1.0,Event day,-4.83296813964844,0.0
HRF-0214,HRF-0214,2026-04-06,0.0,Matched control day,-8.198248291015627,0.0
HRF-0214,HRF-0214,2026-04-13,0.0,Matched control day,-6.762823486328127,0.0
HRF-0214,HRF-0214,2026-04-20,0.0,Matched control day,-12.042089843750002,0.0
HRF-0215,HRF-0215,2026-04-30,1.0,Event day,-0.9619705200195304,0.0
HRF-0215,HRF-0215,2026-04-02,0.0,Matched control day,-7.320170593261718,0.0
HRF-0215,HRF-0215,2026-04-09,0.0,Matched control day,-8.306437683105468,0.0
HRF-0215,HRF-0215,2026-04-16,0.0,Matched control day,2.081105041503907,0.0
HRF-0215,HRF-0215,2026-04-23,0.0,Matched control day,0.4932754516601569,0.0
HRF-0216,HRF-0216,2026-05-03,1.0,Event day,-7.203553771972658,0.0
HRF-0216,HRF-0216,2026-05-10,0.0,Matched control day,-7.701905822753908,0.0
HRF-0216,HRF-0216,2026-05-17,0.0,Matched control day,-1.6864028930664077,0.0
HRF-0216,HRF-0216,2026-05-24,0.0,Matched control day,0.1931137084960923,0.0
HRF-0216,HRF-0216,2026-05-31,0.0,Matched control day,-11.322633361816408,0.0
HRF-0217,HRF-0217,2026-05-11,1.0,Event day,-9.461651611328126,0.0
HRF-0217,HRF-0217,2026-05-04,0.0,Matched control day,-5.017391967773438,0.0
HRF-0217,HRF-0217,2026-05-18,0.0,Matched control day,-7.322872924804688,0.0
HRF-0217,HRF-0217,2026-05-25,0.0,Matched control day,8.885028076171874,0.0
HRF-0218,HRF-0218,2026-05-22,1.0,Event day,-1.4985794067382798,0.0
HRF-0218,HRF-0218,2026-05-01,0.0,Matched control day,-2.208387756347655,0.0
HRF-0218,HRF-0218,2026-05-08,0.0,Matched control day,-0.0307601928710923,0.0
HRF-0218,HRF-0218,2026-05-15,0.0,Matched control day,-3.05497589111328,0.0
HRF-0218,HRF-0218,2026-05-29,0.0,Matched control day,-2.076734924316405,0.0
HRF-0219,HRF-0219,2026-05-29,1.0,Event day,3.72950897216797,0.0
HRF-0219,HRF-0219,2026-05-01,0.0,Matched control day,-3.47404327392578,0.0
HRF-0219,HRF-0219,2026-05-08,0.0,Matched control day,-1.5523666381835923,0.0
HRF-0219,HRF-0219,2026-05-15,0.0,Matched control day,-7.638670349121092,0.0
HRF-0219,HRF-0219,2026-05-22,0.0,Matched control day,-3.9279159545898414,0.0
HRF-0220,HRF-0220,2026-06-08,1.0,Event day,-1.9672927856445312,0.0
HRF-0220,HRF-0220,2026-06-01,0.0,Matched control day,-1.5325546264648438,0.0
HRF-0220,HRF-0220,2026-06-15,0.0,Matched control day,-1.0515518188476562,0.0
HRF-0220,HRF-0220,2026-06-22,0.0,Matched control day,0.0512008666992187,0.0
HRF-0220,HRF-0220,2026-06-29,0.0,Matched control day,-0.9339065551757812,0.0
HRF-0221,HRF-0221,2026-06-09,1.0,Event day,2.3060195922851534,1.0
HRF-0221,HRF-0221,2026-06-02,0.0,Matched control day,1.095677185058591,0.0
HRF-0221,HRF-0221,2026-06-16,0.0,Matched control day,-5.021601867675784,0.0
HRF-0221,HRF-0221,2026-06-23,0.0,Matched control day,-7.694087219238284,0.0
HRF-0221,HRF-0221,2026-06-30,0.0,Matched control day,-2.4502670288085966,0.0
HRF-0222,HRF-0222,2026-06-18,1.0,Event day,0.7439743041992202,1.0
HRF-0222,HRF-0222,2026-06-04,0.0,Matched control day,-2.985548400878905,0.0
HRF-0222,HRF-0222,2026-06-11,0.0,Matched control day,-0.8003677368164048,0.0
HRF-0222,HRF-0222,2026-06-25,0.0,Matched control day,-2.337477111816405,0.0
HRF-0223,HRF-0223,2026-06-26,1.0,Event day,-8.875709533691406,0.0
HRF-0223,HRF-0223,2026-06-05,0.0,Matched control day,-3.8079757690429688,0.0
HRF-0223,HRF-0223,2026-06-12,0.0,Matched control day,-4.163429260253906,0.0
HRF-0223,HRF-0223,2026-06-19,0.0,Matched control day,-8.575752258300781,0.0
HRF-0224,HRF-0224,2026-06-28,1.0,Event day,0.450984191894527,0.0
HRF-0224,HRF-0224,2026-06-07,0.0,Matched control day,-4.9504592895507855,0.0
HRF-0224,HRF-0224,2026-06-14,0.0,Matched control day,-3.9802444458007855,0.0
HRF-0224,HRF-0224,2026-06-21,0.0,Matched control day,3.067164611816402,0.0
HRF-0225,HRF-0225,2026-07-01,1.0,Event day,-3.977365112304689,0.0
HRF-0225,HRF-0225,2026-07-08,0.0,Matched control day,-1.366830444335939,0.0
HRF-0225,HRF-0225,2026-07-15,0.0,Matched control day,1.1247619628906236,0.0
HRF-0225,HRF-0225,2026-07-22,0.0,Matched control day,-7.117211914062501,0.0
HRF-0225,HRF-0225,2026-07-29,0.0,Matched control day,5.159368896484374,0.0
HRF-0226,HRF-0226,2026-07-14,1.0,Event day,2.061648559570308,0.0
HRF-0226,HRF-0226,2026-07-07,0.0,Matched control day,-0.8538482666015668,0.0
HRF-0226,HRF-0226,2026-07-21,0.0,Matched control day,-4.236782836914067,0.0
HRF-0226,HRF-0226,2026-07-28,0.0,Matched control day,0.2129394531249957,0.0
HRF-0227,HRF-0227,2026-07-16,1.0,Event day,-1.7620788574218764,0.0
HRF-0227,HRF-0227,2026-07-02,0.0,Matched control day,-1.277536010742189,0.0
HRF-0227,HRF-0227,2026-07-09,0.0,Matched control day,-3.744454956054689,0.0
HRF-0227,HRF-0227,2026-07-23,0.0,Matched control day,-0.8366790771484389,0.0
HRF-0227,HRF-0227,2026-07-30,0.0,Matched control day,-1.299661254882814,0.0
HRF-0228,HRF-0228,2026-07-17,1.0,Event day,-2.970768737792966,0.0
HRF-0228,HRF-0228,2026-07-03,0.0,Matched control day,4.004740905761722,1.0
HRF-0228,HRF-0228,2026-07-10,0.0,Matched control day,-1.6201675415039034,0.0
HRF-0228,HRF-0228,2026-07-24,0.0,Matched control day,-4.730839538574216,0.0
HRF-0228,HRF-0228,2026-07-31,0.0,Matched control day,-7.291889953613278,0.0
HRF-0229,HRF-0229,2026-07-17,1.0,Event day,-2.793574523925784,0.0
HRF-0229,HRF-0229,2026-07-03,0.0,Matched control day,5.157048034667966,1.0
HRF-0229,HRF-0229,2026-07-10,0.0,Matched control day,-3.033320617675784,0.0
HRF-0229,HRF-0229,2026-07-24,0.0,Matched control day,-6.154933166503909,0.0
HRF-0229,HRF-0229,2026-07-31,0.0,Matched control day,-4.708964538574222,0.0
HRF-0231,HRF-0231,2026-08-04,1.0,Event day,-3.2626998901367195,0.0
HRF-0231,HRF-0231,2026-08-11,0.0,Matched control day,-1.731587219238282,0.0
HRF-0231,HRF-0231,2026-08-18,0.0,Matched control day,-3.0447738647460945,0.0
HRF-0232,HRF-0232,2026-08-04,1.0,Event day,-3.2626998901367195,0.0
HRF-0232,HRF-0232,2026-08-11,0.0,Matched control day,-1.731587219238282,0.0
HRF-0232,HRF-0232,2026-08-18,0.0,Matched control day,-3.0447738647460945,0.0
HRF-0233,HRF-0233,2026-08-04,1.0,Event day,-3.2626998901367195,0.0
HRF-0233,HRF-0233,2026-08-11,0.0,Matched control day,-1.731587219238282,0.0
HRF-0233,HRF-0233,2026-08-18,0.0,Matched control day,-3.0447738647460945,0.0
HRF-0234,HRF-0234,2026-08-05,1.0,Event day,-2.8937118530273445,0.0
HRF-0234,HRF-0234,2026-08-12,0.0,Matched control day,-3.5564010620117195,0.0
HRF-0234,HRF-0234,2026-08-19,0.0,Matched control day,-3.2943466186523445,0.0
HRF-0235,HRF-0235,2026-08-09,1.0,Event day,-7.428196716308594,0.0
HRF-0235,HRF-0235,2026-08-02,0.0,Matched control day,1.523112487792968,0.0
HRF-0235,HRF-0235,2026-08-16,0.0,Matched control day,-6.69678192138672,0.0
HRF-0235,HRF-0235,2026-08-23,0.0,Matched control day,-5.582966613769532,0.0
HRF-0236,HRF-0236,2026-08-14,1.0,Event day,2.3512924194335945,0.0
HRF-0236,HRF-0236,2026-08-07,0.0,Matched control day,-7.5429336547851555,0.0
HRF-0236,HRF-0236,2026-08-21,0.0,Matched control day,-4.845683288574218,0.0
HRF-0237,HRF-0237,2026-08-14,1.0,Event day,2.3512924194335945,0.0
HRF-0237,HRF-0237,2026-08-07,0.0,Matched control day,-7.5429336547851555,0.0
HRF-0237,HRF-0237,2026-08-21,0.0,Matched control day,-4.845683288574218,0.0
HRF-0238,HRF-0238,2026-08-17,1.0,Event day,-9.239012145996096,0.0
HRF-0238,HRF-0238,2026-08-03,0.0,Matched control day,2.8950363159179666,0.0
HRF-0238,HRF-0238,2026-08-10,0.0,Matched control day,1.1763626098632791,0.0
HRF-0238,HRF-0238,2026-08-24,0.0,Matched control day,-7.047239685058596,0.0
HRF-0239,HRF-0239,2026-08-23,1.0,Event day,-5.983561706542972,0.0
HRF-0239,HRF-0239,2026-08-02,0.0,Matched control day,-4.706477355957034,0.0
HRF-0239,HRF-0239,2026-08-09,0.0,Matched control day,-0.090174865722659,0.0
HRF-0239,HRF-0239,2026-08-16,0.0,Matched control day,-6.627818298339847,0.0
HRF-0180,HRF-0180,2025-10-13,1.0,Event day,-2.3938517898630955,0.0
HRF-0180,HRF-0180,2025-10-06,0.0,Matched control day,-1.4024260722517177,0.0
HRF-0180,HRF-0180,2025-10-20,0.0,Matched control day,-5.0854507634311865,0.0
HRF-0180,HRF-0180,2025-10-27,0.0,Matched control day,-5.577055175202691,0.0
HRF-0129,HRF-0129,2021-10-14,1.0,Event day,-2.48620821062341,0.0
HRF-0129,HRF-0129,2021-10-07,0.0,Matched control day,0.4555312565857647,1.0
HRF-0129,HRF-0129,2021-10-21,0.0,Matched control day,-1.8906528767834416,0.0
HRF-0129,HRF-0129,2021-10-28,0.0,Matched control day,-3.1176159556477856,0.0
HRF-0201,HRF-0201,2026-02-28,1.0,Event day,-0.0823585670311324,0.0
HRF-0201,HRF-0201,2026-02-07,0.0,Matched control day,-1.8611389053451823,0.0
HRF-0201,HRF-0201,2026-02-14,0.0,Matched control day,2.6670393403593278,0.0
HRF-0201,HRF-0201,2026-02-21,0.0,Matched control day,0.901791584575097,0.0
HRF-0230,HRF-0230,2026-07-30,1.0,Event day,-1.7784737951722818,0.0
HRF-0230,HRF-0230,2026-07-02,0.0,Matched control day,-5.642420838294207,0.0
HRF-0230,HRF-0230,2026-07-09,0.0,Matched control day,-4.513183509409792,0.0
HRF-0230,HRF-0230,2026-07-16,0.0,Matched control day,-4.066554226323966,0.0
HRF-0230,HRF-0230,2026-07-23,0.0,Matched control day,-5.452819914375503,0.0
HRF-0204,HRF-0204,2026-03-08,1.0,Event day,-5.60127466871058,0.0
HRF-0204,HRF-0204,2026-03-01,0.0,Matched control day,-7.100713036179236,0.0
HRF-0204,HRF-0204,2026-03-15,0.0,Matched control day,-7.748406013495931,0.0
HRF-0204,HRF-0204,2026-03-22,0.0,Matched control day,-5.306764321672638,0.0
HRF-0204,HRF-0204,2026-03-29,0.0,Matched control day,-6.605263184110534,0.0
